data;modelo;cor;tamanho;preco;estoque_atual;vendas_mes;margem_lucro;avaliacao_media;num_avaliacoes
2024-01-31;Classic;Preto;35;299,9;36;22;39,9;4,2;4
2024-01-31;Classic;Preto;36;299,9;44;18;40,3;4,8;4
2024-01-31;Classic;Preto;37;299,9;82;37;36,1;4,6;7
2024-01-31;Classic;Preto;38;299,9;101;63;41,0;4,2;15
2024-01-31;Classic;Preto;39;299,9;117;81;40,1;4,7;13
2024-01-31;Classic;Preto;40;299,9;182;79;43,9;4,5;18
2024-01-31;Classic;Preto;41;299,9;129;79;42,7;4,5;18
2024-01-31;Classic;Preto;42;299,9;166;82;44,3;4,4;18
2024-01-31;Classic;Preto;43;299,9;111;48;39,3;4,5;8
2024-01-31;Classic;Preto;44;299,9;60;33;36,5;4,7;7
2024-01-31;Classic;Preto;45;299,9;37;22;42,3;4,2;4
2024-01-31;Classic;Branco;35;299,9;53;29;41,9;4,3;5
2024-01-31;Classic;Branco;36;299,9;62;37;39,0;4,6;8
2024-01-31;Classic;Branco;37;299,9;70;38;36,1;4,6;8
2024-01-31;Classic;Branco;38;299,9;114;78;36,7;4,2;19
2024-01-31;Classic;Branco;39;299,9;163;92;39,2;4,5;16
2024-01-31;Classic;Branco;40;299,9;161;65;40,4;4,2;14
2024-01-31;Classic;Branco;41;299,9;191;87;37,7;4,5;17
2024-01-31;Classic;Branco;42;299,9;178;77;40,5;4,8;16
2024-01-31;Classic;Branco;43;299,9;86;36;39,2;4,5;5
2024-01-31;Classic;Branco;44;299,9;79;47;39,8;4,3;11
2024-01-31;Classic;Branco;45;299,9;38;22;42,3;4,4;4
2024-01-31;Classic;Cinza;35;299,9;48;28;40,1;4,3;6
2024-01-31;Classic;Cinza;36;299,9;45;23;43,0;4,5;3
2024-01-31;Classic;Cinza;37;299,9;99;63;41,0;4,5;13
2024-01-31;Classic;Cinza;38;299,9;91;55;35,4;4,4;11
2024-01-31;Classic;Cinza;39;299,9;160;67;42,2;4,3;15
2024-01-31;Classic;Cinza;40;299,9;187;129;41,0;4,6;22
2024-01-31;Classic;Cinza;41;299,9;138;55;43,0;4,6;9
2024-01-31;Classic;Cinza;42;299,9;149;92;41,7;4,4;17
2024-01-31;Classic;Cinza;43;299,9;79;34;39,0;4,5;8
2024-01-31;Classic;Cinza;44;299,9;80;36;36,7;4,4;8
2024-01-31;Classic;Cinza;45;299,9;58;31;44,6;4,3;5
2024-01-31;Classic;Azul Marinho;35;299,9;35;23;36,6;4,8;4
2024-01-31;Classic;Azul Marinho;36;299,9;64;35;39,6;4,5;8
2024-01-31;Classic;Azul Marinho;37;299,9;73;47;43,9;4,4;11
2024-01-31;Classic;Azul Marinho;38;299,9;81;52;36,7;4,6;12
2024-01-31;Classic;Azul Marinho;39;299,9;111;50;38,5;4,4;8
2024-01-31;Classic;Azul Marinho;40;299,9;149;94;43,0;4,5;17
2024-01-31;Classic;Azul Marinho;41;299,9;126;77;35,9;4,5;15
2024-01-31;Classic;Azul Marinho;42;299,9;115;62;37,5;4,3;9
2024-01-31;Classic;Azul Marinho;43;299,9;81;48;42,3;4,3;9
2024-01-31;Classic;Azul Marinho;44;299,9;73;41;37,5;4,2;7
2024-01-31;Classic;Azul Marinho;45;299,9;39;24;42,3;4,2;4
2024-01-31;Runner;Preto;35;349,9;37;19;45,2;4,5;3
2024-01-31;Runner;Preto;36;349,9;54;19;49,1;4,2;4
2024-01-31;Runner;Preto;37;349,9;92;32;49,4;4,5;5
2024-01-31;Runner;Preto;38;349,9;75;35;53,4;4,5;7
2024-01-31;Runner;Preto;39;349,9;158;69;46,5;4,3;12
2024-01-31;Runner;Preto;40;349,9;131;59;49,2;4,6;13
2024-01-31;Runner;Preto;41;349,9;109;47;47,2;4,7;9
2024-01-31;Runner;Preto;42;349,9;184;92;46,4;4,7;16
2024-01-31;Runner;Preto;43;349,9;114;51;52,3;4,5;12
2024-01-31;Runner;Preto;44;349,9;80;25;49,5;4,8;5
2024-01-31;Runner;Preto;45;349,9;53;18;46,8;4,6;4
2024-01-31;Runner;Branco;35;349,9;46;27;51,9;4,7;4
2024-01-31;Runner;Branco;36;349,9;53;27;53,0;4,6;5
2024-01-31;Runner;Branco;37;349,9;91;28;52,5;4,4;6
2024-01-31;Runner;Branco;38;349,9;116;44;52,2;4,4;9
2024-01-31;Runner;Branco;39;349,9;122;39;50,9;4,3;9
2024-01-31;Runner;Branco;40;349,9;119;57;52,0;4,2;13
2024-01-31;Runner;Branco;41;349,9;170;90;45,6;4,4;19
2024-01-31;Runner;Branco;42;349,9;125;68;49,1;4,7;16
2024-01-31;Runner;Branco;43;349,9;98;36;48,8;4,5;7
2024-01-31;Runner;Branco;44;349,9;56;18;49,6;4,5;4
2024-01-31;Runner;Branco;45;349,9;43;25;54,7;4,3;3
2024-01-31;Runner;Azul;35;349,9;40;17;48,7;4,5;3
2024-01-31;Runner;Azul;36;349,9;50;20;51,8;4,4;3
2024-01-31;Runner;Azul;37;349,9;72;28;52,0;4,3;6
2024-01-31;Runner;Azul;38;349,9;125;47;52,0;4,6;8
2024-01-31;Runner;Azul;39;349,9;126;73;52,0;4,6;18
2024-01-31;Runner;Azul;40;349,9;136;50;48,3;4,3;12
2024-01-31;Runner;Azul;41;349,9;167;80;53,1;4,5;13
2024-01-31;Runner;Azul;42;349,9;118;53;53,1;4,3;11
2024-01-31;Runner;Azul;43;349,9;84;36;45,6;4,5;6
2024-01-31;Runner;Azul;44;349,9;96;56;45,8;4,5;12
2024-01-31;Runner;Azul;45;349,9;36;16;54,4;4,5;3
2024-01-31;Runner;Vermelho;35;349,9;44;21;53,9;4,4;4
2024-01-31;Runner;Vermelho;36;349,9;52;19;48,9;4,4;3
2024-01-31;Runner;Vermelho;37;349,9;61;21;48,8;4,5;4
2024-01-31;Runner;Vermelho;38;349,9;124;58;52,3;4,5;11
2024-01-31;Runner;Vermelho;39;349,9;158;72;48,1;4,8;15
2024-01-31;Runner;Vermelho;40;349,9;136;73;46,6;4,8;16
2024-01-31;Runner;Vermelho;41;349,9;113;62;47,6;4,6;10
2024-01-31;Runner;Vermelho;42;349,9;168;88;53,5;4,5;18
2024-01-31;Runner;Vermelho;43;349,9;82;37;50,3;4,7;8
2024-01-31;Runner;Vermelho;44;349,9;89;27;50,5;4,8;6
2024-01-31;Runner;Vermelho;45;349,9;60;26;53,3;4,7;5
2024-01-31;Slip-on;Preto;35;279,9;52;11;43,5;4,3;1
2024-01-31;Slip-on;Preto;36;279,9;57;16;40,1;4,3;2
2024-01-31;Slip-on;Preto;37;279,9;91;29;40,6;4,4;7
2024-01-31;Slip-on;Preto;38;279,9;121;28;44,8;4,7;4
2024-01-31;Slip-on;Preto;39;279,9;108;50;42,6;4,4;12
2024-01-31;Slip-on;Preto;40;279,9;186;49;39,0;4,2;8
2024-01-31;Slip-on;Preto;41;279,9;149;32;38,4;4,3;7
2024-01-31;Slip-on;Preto;42;279,9;179;76;42,7;4,2;15
2024-01-31;Slip-on;Preto;43;279,9;105;52;41,3;4,6;9
2024-01-31;Slip-on;Preto;44;279,9;80;25;44,1;4,3;4
2024-01-31;Slip-on;Preto;45;279,9;64;30;40,9;4,7;4
2024-01-31;Slip-on;Branco;35;279,9;58;19;43,3;4,5;4
2024-01-31;Slip-on;Branco;36;279,9;45;18;37,7;4,8;3
2024-01-31;Slip-on;Branco;37;279,9;78;29;41,2;4,7;5
2024-01-31;Slip-on;Branco;38;279,9;103;38;42,7;4,5;6
2024-01-31;Slip-on;Branco;39;279,9;142;44;35,6;4,7;10
2024-01-31;Slip-on;Branco;40;279,9;129;38;38,2;4,5;7
2024-01-31;Slip-on;Branco;41;279,9;184;64;36,8;4,6;15
2024-01-31;Slip-on;Branco;42;279,9;159;68;37,2;4,7;10
2024-01-31;Slip-on;Branco;43;279,9;123;38;35,9;4,3;9
2024-01-31;Slip-on;Branco;44;279,9;73;31;39,8;4,5;6
2024-01-31;Slip-on;Branco;45;279,9;53;26;40,5;4,6;4
2024-01-31;Slip-on;Marrom;35;279,9;42;14;41,1;4,4;2
2024-01-31;Slip-on;Marrom;36;279,9;59;19;40,8;4,8;4
2024-01-31;Slip-on;Marrom;37;279,9;70;25;43,6;4,3;5
2024-01-31;Slip-on;Marrom;38;279,9;76;37;36,6;4,5;9
2024-01-31;Slip-on;Marrom;39;279,9;123;48;42,4;4,2;10
2024-01-31;Slip-on;Marrom;40;279,9;173;84;36,4;4,7;17
2024-01-31;Slip-on;Marrom;41;279,9;170;71;42,2;4,8;11
2024-01-31;Slip-on;Marrom;42;279,9;130;61;39,6;4,4;12
2024-01-31;Slip-on;Marrom;43;279,9;88;33;43,8;4,4;5
2024-01-31;Slip-on;Marrom;44;279,9;63;25;35,7;4,2;6
2024-01-31;Slip-on;Marrom;45;279,9;55;14;41,3;4,5;3
2024-01-31;Slip-on;Azul;35;279,9;47;9;39,4;4,6;2
2024-01-31;Slip-on;Azul;36;279,9;60;12;37,4;4,5;1
2024-01-31;Slip-on;Azul;37;279,9;84;27;41,7;4,3;4
2024-01-31;Slip-on;Azul;38;279,9;124;37;44,7;4,3;8
2024-01-31;Slip-on;Azul;39;279,9;123;51;37,6;4,4;10
2024-01-31;Slip-on;Azul;40;279,9;108;29;43,6;4,4;7
2024-01-31;Slip-on;Azul;41;279,9;117;48;36,6;4,7;8
2024-01-31;Slip-on;Azul;42;279,9;182;70;43,8;4,6;16
2024-01-31;Slip-on;Azul;43;279,9;122;41;41,7;4,2;8
2024-01-31;Slip-on;Azul;44;279,9;66;15;45,0;4,8;2
2024-01-31;Slip-on;Azul;45;279,9;61;28;44,8;4,4;6
2024-02-29;Classic;Preto;35;299,9;58;35;37,5;4,5;8
2024-02-29;Classic;Preto;36;299,9;60;27;38,1;4,3;4
2024-02-29;Classic;Preto;37;299,9;66;44;38,6;4,5;6
2024-02-29;Classic;Preto;38;299,9;115;55;42,0;4,3;10
2024-02-29;Classic;Preto;39;299,9;151;88;36,6;4,5;13
2024-02-29;Classic;Preto;40;299,9;116;57;44,4;4,7;11
2024-02-29;Classic;Preto;41;299,9;159;77;41,7;4,3;11
2024-02-29;Classic;Preto;42;299,9;191;98;40,2;4,3;19
2024-02-29;Classic;Preto;43;299,9;124;82;40,8;4,7;15
2024-02-29;Classic;Preto;44;299,9;65;34;43,1;4,6;6
2024-02-29;Classic;Preto;45;299,9;45;31;37,6;4,4;5
2024-02-29;Classic;Branco;35;299,9;58;37;37,2;4,4;8
2024-02-29;Classic;Branco;36;299,9;44;22;40,5;4,6;3
2024-02-29;Classic;Branco;37;299,9;83;51;35,9;4,8;12
2024-02-29;Classic;Branco;38;299,9;79;39;37,8;4,2;7
2024-02-29;Classic;Branco;39;299,9;119;52;37,1;4,7;8
2024-02-29;Classic;Branco;40;299,9;161;78;35,7;4,8;16
2024-02-29;Classic;Branco;41;299,9;123;67;38,9;4,3;16
2024-02-29;Classic;Branco;42;299,9;182;92;43,1;4,3;14
2024-02-29;Classic;Branco;43;299,9;101;52;35,7;4,6;12
2024-02-29;Classic;Branco;44;299,9;81;33;38,8;4,4;5
2024-02-29;Classic;Branco;45;299,9;49;20;35,6;4,7;3
2024-02-29;Classic;Cinza;35;299,9;57;28;38,5;4,5;5
2024-02-29;Classic;Cinza;36;299,9;51;21;40,6;4,6;5
2024-02-29;Classic;Cinza;37;299,9;86;52;41,0;4,8;12
2024-02-29;Classic;Cinza;38;299,9;106;52;38,2;4,7;12
2024-02-29;Classic;Cinza;39;299,9;193;92;40,9;4,6;17
2024-02-29;Classic;Cinza;40;299,9;114;55;40,2;4,3;9
2024-02-29;Classic;Cinza;41;299,9;128;64;41,9;4,5;12
2024-02-29;Classic;Cinza;42;299,9;129;78;41,7;4,5;13
2024-02-29;Classic;Cinza;43;299,9;118;77;43,5;4,4;13
2024-02-29;Classic;Cinza;44;299,9;96;66;36,9;4,6;12
2024-02-29;Classic;Cinza;45;299,9;49;28;40,4;4,7;6
2024-02-29;Classic;Azul Marinho;35;299,9;37;22;40,2;4,4;4
2024-02-29;Classic;Azul Marinho;36;299,9;61;35;43,2;4,4;6
2024-02-29;Classic;Azul Marinho;37;299,9;64;36;42,4;4,5;8
2024-02-29;Classic;Azul Marinho;38;299,9;121;63;40,7;4,6;14
2024-02-29;Classic;Azul Marinho;39;299,9;111;71;35,7;4,6;13
2024-02-29;Classic;Azul Marinho;40;299,9;126;77;43,7;4,7;13
2024-02-29;Classic;Azul Marinho;41;299,9;159;95;35,5;4,4;15
2024-02-29;Classic;Azul Marinho;42;299,9;142;87;43,1;4,7;15
2024-02-29;Classic;Azul Marinho;43;299,9;78;51;42,4;4,7;9
2024-02-29;Classic;Azul Marinho;44;299,9;83;55;43,3;4,4;13
2024-02-29;Classic;Azul Marinho;45;299,9;46;26;42,3;4,4;4
2024-02-29;Runner;Preto;35;349,9;62;20;45,2;4,8;4
2024-02-29;Runner;Preto;36;349,9;59;23;48,8;4,7;5
2024-02-29;Runner;Preto;37;349,9;58;25;49,0;4,6;4
2024-02-29;Runner;Preto;38;349,9;74;25;48,1;4,7;5
2024-02-29;Runner;Preto;39;349,9;174;92;49,2;4,6;15
2024-02-29;Runner;Preto;40;349,9;125;49;50,1;4,3;11
2024-02-29;Runner;Preto;41;349,9;160;73;45,2;4,5;17
2024-02-29;Runner;Preto;42;349,9;125;45;54,1;4,7;9
2024-02-29;Runner;Preto;43;349,9;113;35;52,6;4,6;5
2024-02-29;Runner;Preto;44;349,9;93;45;50,7;4,5;9
2024-02-29;Runner;Preto;45;349,9;42;12;54,6;4,5;1
2024-02-29;Runner;Branco;35;349,9;44;18;53,7;4,4;4
2024-02-29;Runner;Branco;36;349,9;48;16;47,9;4,7;2
2024-02-29;Runner;Branco;37;349,9;85;44;48,1;4,7;7
2024-02-29;Runner;Branco;38;349,9;86;27;50,9;4,5;5
2024-02-29;Runner;Branco;39;349,9;147;53;46,0;4,5;10
2024-02-29;Runner;Branco;40;349,9;188;84;54,3;4,6;13
2024-02-29;Runner;Branco;41;349,9;112;65;47,0;4,4;9
2024-02-29;Runner;Branco;42;349,9;129;75;45,9;4,7;11
2024-02-29;Runner;Branco;43;349,9;109;48;52,3;4,7;10
2024-02-29;Runner;Branco;44;349,9;65;31;51,2;4,7;5
2024-02-29;Runner;Branco;45;349,9;53;19;51,6;4,5;3
2024-02-29;Runner;Azul;35;349,9;38;19;53,2;4,4;4
2024-02-29;Runner;Azul;36;349,9;59;30;52,3;4,5;4
2024-02-29;Runner;Azul;37;349,9;101;39;46,1;4,7;9
2024-02-29;Runner;Azul;38;349,9;122;55;48,1;4,7;13
2024-02-29;Runner;Azul;39;349,9;105;60;47,4;4,7;13
2024-02-29;Runner;Azul;40;349,9;155;66;47,2;4,3;13
2024-02-29;Runner;Azul;41;349,9;117;58;45,3;4,2;11
2024-02-29;Runner;Azul;42;349,9;128;56;50,6;4,4;13
2024-02-29;Runner;Azul;43;349,9;99;54;53,9;4,7;8
2024-02-29;Runner;Azul;44;349,9;58;27;49,1;4,7;6
2024-02-29;Runner;Azul;45;349,9;37;18;51,0;4,7;3
2024-02-29;Runner;Vermelho;35;349,9;50;29;55,0;4,5;4
2024-02-29;Runner;Vermelho;36;349,9;58;23;54,1;4,7;5
2024-02-29;Runner;Vermelho;37;349,9;66;28;47,5;4,8;6
2024-02-29;Runner;Vermelho;38;349,9;71;27;52,4;4,6;4
2024-02-29;Runner;Vermelho;39;349,9;139;74;48,4;4,3;16
2024-02-29;Runner;Vermelho;40;349,9;163;50;54,1;4,5;11
2024-02-29;Runner;Vermelho;41;349,9;140;57;46,2;4,7;8
2024-02-29;Runner;Vermelho;42;349,9;131;42;52,1;4,6;7
2024-02-29;Runner;Vermelho;43;349,9;112;41;48,1;4,7;9
2024-02-29;Runner;Vermelho;44;349,9;93;31;46,3;4,4;4
2024-02-29;Runner;Vermelho;45;349,9;50;22;48,5;4,4;3
2024-02-29;Slip-on;Preto;35;279,9;55;15;42,8;4,7;3
2024-02-29;Slip-on;Preto;36;279,9;48;12;44,4;4,7;2
2024-02-29;Slip-on;Preto;37;279,9;100;46;40,2;4,3;7
2024-02-29;Slip-on;Preto;38;279,9;99;41;39,0;4,4;6
2024-02-29;Slip-on;Preto;39;279,9;175;44;44,0;4,3;9
2024-02-29;Slip-on;Preto;40;279,9;172;78;40,2;4,4;12
2024-02-29;Slip-on;Preto;41;279,9;180;58;44,9;4,4;11
2024-02-29;Slip-on;Preto;42;279,9;142;48;37,2;4,4;9
2024-02-29;Slip-on;Preto;43;279,9;116;49;36,8;4,5;9
2024-02-29;Slip-on;Preto;44;279,9;83;24;42,2;4,4;4
2024-02-29;Slip-on;Preto;45;279,9;40;9;43,8;4,4;2
2024-02-29;Slip-on;Branco;35;279,9;57;21;43,3;4,2;3
2024-02-29;Slip-on;Branco;36;279,9;60;28;40,1;4,6;4
2024-02-29;Slip-on;Branco;37;279,9;88;34;36,1;4,7;5
2024-02-29;Slip-on;Branco;38;279,9;128;62;42,9;4,5;11
2024-02-29;Slip-on;Branco;39;279,9;135;31;42,3;4,8;5
2024-02-29;Slip-on;Branco;40;279,9;192;64;36,4;4,7;14
2024-02-29;Slip-on;Branco;41;279,9;135;66;40,4;4,2;12
2024-02-29;Slip-on;Branco;42;279,9;173;44;36,3;4,6;7
2024-02-29;Slip-on;Branco;43;279,9;106;31;42,7;4,5;7
2024-02-29;Slip-on;Branco;44;279,9;73;17;41,4;4,6;3
2024-02-29;Slip-on;Branco;45;279,9;57;17;36,0;4,2;3
2024-02-29;Slip-on;Marrom;35;279,9;64;23;40,3;4,7;5
2024-02-29;Slip-on;Marrom;36;279,9;40;9;41,8;4,6;1
2024-02-29;Slip-on;Marrom;37;279,9;98;35;36,7;4,4;8
2024-02-29;Slip-on;Marrom;38;279,9;71;32;44,5;4,4;5
2024-02-29;Slip-on;Marrom;39;279,9;119;25;41,8;4,3;5
2024-02-29;Slip-on;Marrom;40;279,9;146;71;44,8;4,7;13
2024-02-29;Slip-on;Marrom;41;279,9;146;70;42,3;4,4;16
2024-02-29;Slip-on;Marrom;42;279,9;129;62;37,4;4,6;13
2024-02-29;Slip-on;Marrom;43;279,9;105;35;40,6;4,6;7
2024-02-29;Slip-on;Marrom;44;279,9;69;19;41,5;4,3;4
2024-02-29;Slip-on;Marrom;45;279,9;60;20;40,2;4,4;3
2024-02-29;Slip-on;Azul;35;279,9;52;25;36,6;4,5;6
2024-02-29;Slip-on;Azul;36;279,9;64;22;35,7;4,4;4
2024-02-29;Slip-on;Azul;37;279,9;59;23;39,5;4,3;3
2024-02-29;Slip-on;Azul;38;279,9;110;27;40,2;4,5;5
2024-02-29;Slip-on;Azul;39;279,9;143;67;43,5;4,7;11
2024-02-29;Slip-on;Azul;40;279,9;193;68;44,8;4,7;16
2024-02-29;Slip-on;Azul;41;279,9;168;42;44,6;4,4;10
2024-02-29;Slip-on;Azul;42;279,9;183;81;35,1;4,5;14
2024-02-29;Slip-on;Azul;43;279,9;122;50;41,5;4,7;8
2024-02-29;Slip-on;Azul;44;279,9;61;17;36,8;4,4;3
2024-02-29;Slip-on;Azul;45;279,9;48;23;39,2;4,3;5
2024-03-31;Classic;Preto;35;299,9;43;18;41,6;4,4;2
2024-03-31;Classic;Preto;36;299,9;54;22;35,0;4,6;4
2024-03-31;Classic;Preto;37;299,9;94;42;40,1;4,3;8
2024-03-31;Classic;Preto;38;299,9;91;53;41,2;4,4;8
2024-03-31;Classic;Preto;39;299,9;114;76;42,3;4,8;16
2024-03-31;Classic;Preto;40;299,9;184;116;37,4;4,6;24
2024-03-31;Classic;Preto;41;299,9;120;51;38,7;4,6;10
2024-03-31;Classic;Preto;42;299,9;148;80;35,2;4,2;15
2024-03-31;Classic;Preto;43;299,9;100;60;41,7;4,8;11
2024-03-31;Classic;Preto;44;299,9;62;30;42,7;4,3;6
2024-03-31;Classic;Preto;45;299,9;59;31;42,3;4,7;6
2024-03-31;Classic;Branco;35;299,9;44;19;36,2;4,8;3
2024-03-31;Classic;Branco;36;299,9;48;20;42,9;4,5;3
2024-03-31;Classic;Branco;37;299,9;102;66;36,3;4,7;15
2024-03-31;Classic;Branco;38;299,9;116;58;37,6;4,5;11
2024-03-31;Classic;Branco;39;299,9;157;82;37,1;4,5;16
2024-03-31;Classic;Branco;40;299,9;186;109;42,7;4,5;25
2024-03-31;Classic;Branco;41;299,9;132;91;43,2;4,2;21
2024-03-31;Classic;Branco;42;299,9;153;87;45,0;4,6;14
2024-03-31;Classic;Branco;43;299,9;115;52;44,3;4,4;10
2024-03-31;Classic;Branco;44;299,9;95;65;36,6;4,2;14
2024-03-31;Classic;Branco;45;299,9;60;34;36,7;4,3;6
2024-03-31;Classic;Cinza;35;299,9;40;20;42,9;4,3;3
2024-03-31;Classic;Cinza;36;299,9;46;21;42,1;4,5;5
2024-03-31;Classic;Cinza;37;299,9;72;48;40,7;4,5;8
2024-03-31;Classic;Cinza;38;299,9;126;62;40,5;4,8;14
2024-03-31;Classic;Cinza;39;299,9;132;84;41,8;4,2;16
2024-03-31;Classic;Cinza;40;299,9;143;85;42,0;4,6;16
2024-03-31;Classic;Cinza;41;299,9;190;80;41,5;4,5;13
2024-03-31;Classic;Cinza;42;299,9;117;63;38,1;4,3;9
2024-03-31;Classic;Cinza;43;299,9;88;59;40,4;4,3;14
2024-03-31;Classic;Cinza;44;299,9;87;48;44,3;4,7;9
2024-03-31;Classic;Cinza;45;299,9;35;18;43,0;4,4;2
2024-03-31;Classic;Azul Marinho;35;299,9;53;35;44,9;4,3;8
2024-03-31;Classic;Azul Marinho;36;299,9;46;28;37,0;4,6;6
2024-03-31;Classic;Azul Marinho;37;299,9;69;36;39,1;4,6;8
2024-03-31;Classic;Azul Marinho;38;299,9;104;58;38,4;4,6;13
2024-03-31;Classic;Azul Marinho;39;299,9;113;53;40,9;4,3;9
2024-03-31;Classic;Azul Marinho;40;299,9;148;94;40,3;4,4;15
2024-03-31;Classic;Azul Marinho;41;299,9;123;68;43,0;4,4;11
2024-03-31;Classic;Azul Marinho;42;299,9;139;57;40,3;4,2;13
2024-03-31;Classic;Azul Marinho;43;299,9;115;70;44,5;4,7;10
2024-03-31;Classic;Azul Marinho;44;299,9;93;53;39,4;4,4;8
2024-03-31;Classic;Azul Marinho;45;299,9;61;31;39,5;4,6;7
2024-03-31;Runner;Preto;35;349,9;53;22;45,6;4,6;5
2024-03-31;Runner;Preto;36;349,9;36;14;47,5;4,5;2
2024-03-31;Runner;Preto;37;349,9;98;52;46,0;4,7;11
2024-03-31;Runner;Preto;38;349,9;127;47;53,6;4,3;10
2024-03-31;Runner;Preto;39;349,9;111;57;46,5;4,6;11
2024-03-31;Runner;Preto;40;349,9;117;55;45,2;4,3;9
2024-03-31;Runner;Preto;41;349,9;194;104;48,1;4,4;20
2024-03-31;Runner;Preto;42;349,9;175;88;50,4;4,5;15
2024-03-31;Runner;Preto;43;349,9;97;51;49,5;4,5;9
2024-03-31;Runner;Preto;44;349,9;79;41;54,2;4,5;6
2024-03-31;Runner;Preto;45;349,9;58;30;51,8;4,5;5
2024-03-31;Runner;Branco;35;349,9;57;33;49,7;4,3;5
2024-03-31;Runner;Branco;36;349,9;42;20;52,7;4,4;4
2024-03-31;Runner;Branco;37;349,9;60;34;45,7;4,7;7
2024-03-31;Runner;Branco;38;349,9;108;34;50,2;4,3;6
2024-03-31;Runner;Branco;39;349,9;120;41;50,7;4,4;9
2024-03-31;Runner;Branco;40;349,9;127;50;50,9;4,2;11
2024-03-31;Runner;Branco;41;349,9;113;34;52,7;4,7;7
2024-03-31;Runner;Branco;42;349,9;179;102;47,2;4,5;19
2024-03-31;Runner;Branco;43;349,9;80;30;49,1;4,3;6
2024-03-31;Runner;Branco;44;349,9;85;49;45,3;4,6;11
2024-03-31;Runner;Branco;45;349,9;50;29;45,4;4,5;5
2024-03-31;Runner;Azul;35;349,9;64;37;46,0;4,4;6
2024-03-31;Runner;Azul;36;349,9;59;33;53,9;4,4;5
2024-03-31;Runner;Azul;37;349,9;88;50;45,6;4,2;9
2024-03-31;Runner;Azul;38;349,9;95;42;50,0;4,5;9
2024-03-31;Runner;Azul;39;349,9;173;90;48,3;4,2;20
2024-03-31;Runner;Azul;40;349,9;188;88;46,2;4,3;20
2024-03-31;Runner;Azul;41;349,9;164;61;46,9;4,4;11
2024-03-31;Runner;Azul;42;349,9;178;101;47,5;4,3;20
2024-03-31;Runner;Azul;43;349,9;104;38;53,2;4,8;6
2024-03-31;Runner;Azul;44;349,9;92;41;47,0;4,5;8
2024-03-31;Runner;Azul;45;349,9;52;16;52,0;4,5;3
2024-03-31;Runner;Vermelho;35;349,9;60;28;54,0;4,7;5
2024-03-31;Runner;Vermelho;36;349,9;52;22;53,8;4,4;3
2024-03-31;Runner;Vermelho;37;349,9;57;32;46,2;4,7;7
2024-03-31;Runner;Vermelho;38;349,9;103;56;46,1;4,8;11
2024-03-31;Runner;Vermelho;39;349,9;181;69;48,1;4,3;15
2024-03-31;Runner;Vermelho;40;349,9;107;35;46,7;4,6;7
2024-03-31;Runner;Vermelho;41;349,9;160;67;54,3;4,8;12
2024-03-31;Runner;Vermelho;42;349,9;152;77;47,7;4,7;17
2024-03-31;Runner;Vermelho;43;349,9;100;42;51,4;4,2;9
2024-03-31;Runner;Vermelho;44;349,9;97;43;45,2;4,4;8
2024-03-31;Runner;Vermelho;45;349,9;60;18;50,1;4,5;3
2024-03-31;Slip-on;Preto;35;279,9;42;15;44,7;4,7;3
2024-03-31;Slip-on;Preto;36;279,9;52;19;42,0;4,4;4
2024-03-31;Slip-on;Preto;37;279,9;68;29;44,4;4,5;4
2024-03-31;Slip-on;Preto;38;279,9;112;53;44,4;4,7;10
2024-03-31;Slip-on;Preto;39;279,9;187;52;36,4;4,5;7
2024-03-31;Slip-on;Preto;40;279,9;111;42;42,0;4,3;7
2024-03-31;Slip-on;Preto;41;279,9;177;46;43,9;4,5;9
2024-03-31;Slip-on;Preto;42;279,9;118;25;38,6;4,3;3
2024-03-31;Slip-on;Preto;43;279,9;126;27;39,4;4,7;4
2024-03-31;Slip-on;Preto;44;279,9;79;24;42,1;4,6;4
2024-03-31;Slip-on;Preto;45;279,9;53;10;41,7;4,7;1
2024-03-31;Slip-on;Branco;35;279,9;54;19;37,8;4,3;4
2024-03-31;Slip-on;Branco;36;279,9;49;16;43,5;4,4;3
2024-03-31;Slip-on;Branco;37;279,9;83;21;38,5;4,2;4
2024-03-31;Slip-on;Branco;38;279,9;126;49;40,8;4,7;7
2024-03-31;Slip-on;Branco;39;279,9;176;72;40,3;4,4;11
2024-03-31;Slip-on;Branco;40;279,9;160;59;37,8;4,4;10
2024-03-31;Slip-on;Branco;41;279,9;144;60;40,1;4,3;14
2024-03-31;Slip-on;Branco;42;279,9;148;69;41,1;4,5;12
2024-03-31;Slip-on;Branco;43;279,9;128;63;38,6;4,7;11
2024-03-31;Slip-on;Branco;44;279,9;85;34;44,8;4,4;7
2024-03-31;Slip-on;Branco;45;279,9;42;8;37,9;4,7;1
2024-03-31;Slip-on;Marrom;35;279,9;35;8;38,7;4,5;1
2024-03-31;Slip-on;Marrom;36;279,9;35;15;40,1;4,3;2
2024-03-31;Slip-on;Marrom;37;279,9;58;15;44,7;4,7;3
2024-03-31;Slip-on;Marrom;38;279,9;79;28;44,3;4,6;4
2024-03-31;Slip-on;Marrom;39;279,9;111;36;38,8;4,7;8
2024-03-31;Slip-on;Marrom;40;279,9;116;26;43,7;4,5;4
2024-03-31;Slip-on;Marrom;41;279,9;185;76;36,6;4,6;14
2024-03-31;Slip-on;Marrom;42;279,9;128;48;39,4;4,5;8
2024-03-31;Slip-on;Marrom;43;279,9;113;37;43,1;4,6;6
2024-03-31;Slip-on;Marrom;44;279,9;72;20;38,6;4,3;3
2024-03-31;Slip-on;Marrom;45;279,9;36;10;39,3;4,7;2
2024-03-31;Slip-on;Azul;35;279,9;58;13;41,6;4,7;2
2024-03-31;Slip-on;Azul;36;279,9;63;29;43,8;4,8;6
2024-03-31;Slip-on;Azul;37;279,9;88;37;38,6;4,2;5
2024-03-31;Slip-on;Azul;38;279,9;121;39;38,6;4,6;6
2024-03-31;Slip-on;Azul;39;279,9;153;68;39,3;4,5;11
2024-03-31;Slip-on;Azul;40;279,9;171;63;40,5;4,3;15
2024-03-31;Slip-on;Azul;41;279,9;135;65;38,4;4,7;13
2024-03-31;Slip-on;Azul;42;279,9;110;53;38,3;4,7;10
2024-03-31;Slip-on;Azul;43;279,9;84;20;37,3;4,5;4
2024-03-31;Slip-on;Azul;44;279,9;68;16;38,5;4,3;3
2024-03-31;Slip-on;Azul;45;279,9;48;16;37,6;4,3;3
2024-04-30;Classic;Preto;35;299,9;64;38;43,9;4,3;5
2024-04-30;Classic;Preto;36;299,9;57;30;43,3;4,5;4
2024-04-30;Classic;Preto;37;299,9;77;46;40,2;4,3;11
2024-04-30;Classic;Preto;38;299,9;109;60;39,7;4,6;11
2024-04-30;Classic;Preto;39;299,9;132;68;36,9;4,7;15
2024-04-30;Classic;Preto;40;299,9;171;92;37,1;4,8;20
2024-04-30;Classic;Preto;41;299,9;174;102;37,8;4,3;16
2024-04-30;Classic;Preto;42;299,9;161;73;38,8;4,7;13
2024-04-30;Classic;Preto;43;299,9;85;52;40,2;4,5;8
2024-04-30;Classic;Preto;44;299,9;69;35;44,7;4,2;8
2024-04-30;Classic;Preto;45;299,9;38;26;36,9;4,4;6
2024-04-30;Classic;Branco;35;299,9;45;26;40,8;4,6;6
2024-04-30;Classic;Branco;36;299,9;43;28;44,8;4,6;5
2024-04-30;Classic;Branco;37;299,9;103;44;38,8;4,3;6
2024-04-30;Classic;Branco;38;299,9;121;60;36,4;4,4;11
2024-04-30;Classic;Branco;39;299,9;116;64;36,0;4,3;14
2024-04-30;Classic;Branco;40;299,9;132;78;37,1;4,5;12
2024-04-30;Classic;Branco;41;299,9;108;61;42,8;4,6;13
2024-04-30;Classic;Branco;42;299,9;148;90;35,8;4,7;16
2024-04-30;Classic;Branco;43;299,9;122;69;36,0;4,5;15
2024-04-30;Classic;Branco;44;299,9;67;30;35,2;4,6;5
2024-04-30;Classic;Branco;45;299,9;40;23;36,4;4,6;4
2024-04-30;Classic;Cinza;35;299,9;42;27;40,6;4,3;5
2024-04-30;Classic;Cinza;36;299,9;44;27;39,0;4,2;5
2024-04-30;Classic;Cinza;37;299,9;70;47;43,3;4,4;7
2024-04-30;Classic;Cinza;38;299,9;102;60;41,8;4,4;9
2024-04-30;Classic;Cinza;39;299,9;155;84;44,9;4,5;14
2024-04-30;Classic;Cinza;40;299,9;137;76;43,4;4,5;17
2024-04-30;Classic;Cinza;41;299,9;119;61;40,2;4,2;13
2024-04-30;Classic;Cinza;42;299,9;179;89;44,6;4,6;20
2024-04-30;Classic;Cinza;43;299,9;109;70;44,8;4,7;13
2024-04-30;Classic;Cinza;44;299,9;86;49;40,1;4,7;9
2024-04-30;Classic;Cinza;45;299,9;44;18;35,9;4,3;2
2024-04-30;Classic;Azul Marinho;35;299,9;35;21;42,6;4,4;5
2024-04-30;Classic;Azul Marinho;36;299,9;52;22;38,6;4,5;5
2024-04-30;Classic;Azul Marinho;37;299,9;88;35;41,7;4,6;8
2024-04-30;Classic;Azul Marinho;38;299,9;77;49;43,8;4,7;9
2024-04-30;Classic;Azul Marinho;39;299,9;167;107;44,5;4,4;18
2024-04-30;Classic;Azul Marinho;40;299,9;173;74;40,6;4,7;12
2024-04-30;Classic;Azul Marinho;41;299,9;139;89;40,0;4,3;14
2024-04-30;Classic;Azul Marinho;42;299,9;155;63;38,4;4,6;9
2024-04-30;Classic;Azul Marinho;43;299,9;122;83;39,1;4,2;14
2024-04-30;Classic;Azul Marinho;44;299,9;87;35;43,5;4,7;6
2024-04-30;Classic;Azul Marinho;45;299,9;58;26;44,6;4,5;6
2024-04-30;Runner;Preto;35;349,9;50;25;53,0;4,7;5
2024-04-30;Runner;Preto;36;349,9;39;16;50,4;4,6;3
2024-04-30;Runner;Preto;37;349,9;82;35;52,1;4,2;7
2024-04-30;Runner;Preto;38;349,9;120;36;50,3;4,4;6
2024-04-30;Runner;Preto;39;349,9;172;91;49,0;4,3;19
2024-04-30;Runner;Preto;40;349,9;130;43;48,1;4,5;10
2024-04-30;Runner;Preto;41;349,9;124;65;53,6;4,3;9
2024-04-30;Runner;Preto;42;349,9;190;62;46,6;4,4;11
2024-04-30;Runner;Preto;43;349,9;128;70;51,5;4,2;12
2024-04-30;Runner;Preto;44;349,9;65;24;54,5;4,4;5
2024-04-30;Runner;Preto;45;349,9;49;24;54,4;4,5;4
2024-04-30;Runner;Branco;35;349,9;49;21;53,0;4,4;3
2024-04-30;Runner;Branco;36;349,9;55;30;50,0;4,3;4
2024-04-30;Runner;Branco;37;349,9;98;31;50,0;4,4;5
2024-04-30;Runner;Branco;38;349,9;80;31;52,2;4,6;4
2024-04-30;Runner;Branco;39;349,9;172;69;47,2;4,7;14
2024-04-30;Runner;Branco;40;349,9;170;66;52,5;4,4;14
2024-04-30;Runner;Branco;41;349,9;124;60;49,6;4,3;12
2024-04-30;Runner;Branco;42;349,9;106;53;54,5;4,7;13
2024-04-30;Runner;Branco;43;349,9;96;52;46,4;4,2;8
2024-04-30;Runner;Branco;44;349,9;77;26;49,5;4,3;4
2024-04-30;Runner;Branco;45;349,9;62;28;51,7;4,4;4
2024-04-30;Runner;Azul;35;349,9;56;24;53,4;4,2;4
2024-04-30;Runner;Azul;36;349,9;39;19;48,4;4,4;3
2024-04-30;Runner;Azul;37;349,9;96;45;52,1;4,6;9
2024-04-30;Runner;Azul;38;349,9;126;62;51,5;4,7;9
2024-04-30;Runner;Azul;39;349,9;110;41;46,8;4,3;8
2024-04-30;Runner;Azul;40;349,9;122;71;46,8;4,3;14
2024-04-30;Runner;Azul;41;349,9;121;60;53,6;4,5;11
2024-04-30;Runner;Azul;42;349,9;167;90;48,0;4,7;20
2024-04-30;Runner;Azul;43;349,9;98;42;46,0;4,3;9
2024-04-30;Runner;Azul;44;349,9;84;37;45,5;4,2;8
2024-04-30;Runner;Azul;45;349,9;54;22;52,0;4,4;4
2024-04-30;Runner;Vermelho;35;349,9;48;14;54,9;4,4;3
2024-04-30;Runner;Vermelho;36;349,9;54;31;45,5;4,8;5
2024-04-30;Runner;Vermelho;37;349,9;62;31;52,6;4,6;6
2024-04-30;Runner;Vermelho;38;349,9;118;59;51,2;4,4;14
2024-04-30;Runner;Vermelho;39;349,9;167;95;51,1;4,7;22
2024-04-30;Runner;Vermelho;40;349,9;153;78;50,8;4,6;15
2024-04-30;Runner;Vermelho;41;349,9;177;95;45,5;4,3;16
2024-04-30;Runner;Vermelho;42;349,9;134;59;52,4;4,4;12
2024-04-30;Runner;Vermelho;43;349,9;121;52;51,6;4,7;11
2024-04-30;Runner;Vermelho;44;349,9;60;20;45,8;4,4;3
2024-04-30;Runner;Vermelho;45;349,9;53;16;49,5;4,5;3
2024-04-30;Slip-on;Preto;35;279,9;42;19;40,0;4,6;3
2024-04-30;Slip-on;Preto;36;279,9;43;16;44,0;4,6;3
2024-04-30;Slip-on;Preto;37;279,9;79;15;43,8;4,3;2
2024-04-30;Slip-on;Preto;38;279,9;81;35;35,3;4,6;5
2024-04-30;Slip-on;Preto;39;279,9;187;40;43,9;4,4;8
2024-04-30;Slip-on;Preto;40;279,9;162;73;39,0;4,5;13
2024-04-30;Slip-on;Preto;41;279,9;163;47;41,4;4,7;7
2024-04-30;Slip-on;Preto;42;279,9;139;29;35,9;4,2;6
2024-04-30;Slip-on;Preto;43;279,9;128;49;38,4;4,7;9
2024-04-30;Slip-on;Preto;44;279,9;62;29;36,3;4,8;5
2024-04-30;Slip-on;Preto;45;279,9;56;27;40,9;4,8;4
2024-04-30;Slip-on;Branco;35;279,9;36;14;36,0;4,5;3
2024-04-30;Slip-on;Branco;36;279,9;59;21;39,7;4,3;4
2024-04-30;Slip-on;Branco;37;279,9;91;28;40,4;4,4;5
2024-04-30;Slip-on;Branco;38;279,9;105;44;35,6;4,5;6
2024-04-30;Slip-on;Branco;39;279,9;186;72;39,8;4,2;14
2024-04-30;Slip-on;Branco;40;279,9;161;52;37,9;4,8;8
2024-04-30;Slip-on;Branco;41;279,9;192;39;40,2;4,4;6
2024-04-30;Slip-on;Branco;42;279,9;136;52;39,1;4,3;11
2024-04-30;Slip-on;Branco;43;279,9;126;62;43,2;4,3;10
2024-04-30;Slip-on;Branco;44;279,9;56;24;36,7;4,8;4
2024-04-30;Slip-on;Branco;45;279,9;36;14;36,1;4,6;3
2024-04-30;Slip-on;Marrom;35;279,9;36;16;38,9;4,4;3
2024-04-30;Slip-on;Marrom;36;279,9;63;30;43,3;4,7;6
2024-04-30;Slip-on;Marrom;37;279,9;81;31;44,8;4,2;6
2024-04-30;Slip-on;Marrom;38;279,9;82;31;40,8;4,8;5
2024-04-30;Slip-on;Marrom;39;279,9;174;72;39,4;4,5;14
2024-04-30;Slip-on;Marrom;40;279,9;189;44;40,9;4,4;7
2024-04-30;Slip-on;Marrom;41;279,9;126;48;42,5;4,5;9
2024-04-30;Slip-on;Marrom;42;279,9;162;39;36,8;4,8;9
2024-04-30;Slip-on;Marrom;43;279,9;116;50;35,9;4,4;9
2024-04-30;Slip-on;Marrom;44;279,9;62;12;37,2;4,8;2
2024-04-30;Slip-on;Marrom;45;279,9;41;19;38,4;4,7;3
2024-04-30;Slip-on;Azul;35;279,9;36;17;37,7;4,2;4
2024-04-30;Slip-on;Azul;36;279,9;54;18;43,2;4,6;3
2024-04-30;Slip-on;Azul;37;279,9;63;25;43,9;4,5;5
2024-04-30;Slip-on;Azul;38;279,9;120;58;40,4;4,2;9
2024-04-30;Slip-on;Azul;39;279,9;190;85;41,3;4,5;16
2024-04-30;Slip-on;Azul;40;279,9;108;49;38,7;4,5;9
2024-04-30;Slip-on;Azul;41;279,9;180;46;39,8;4,8;10
2024-04-30;Slip-on;Azul;42;279,9;140;54;40,9;4,5;10
2024-04-30;Slip-on;Azul;43;279,9;113;52;39,1;4,8;9
2024-04-30;Slip-on;Azul;44;279,9;88;24;42,5;4,4;4
2024-04-30;Slip-on;Azul;45;279,9;41;9;38,5;4,6;1
2024-05-31;Classic;Preto;35;299,9;40;18;36,9;4,3;3
2024-05-31;Classic;Preto;36;299,9;63;40;44,2;4,7;7
2024-05-31;Classic;Preto;37;299,9;73;46;44,0;4,7;9
2024-05-31;Classic;Preto;38;299,9;103;55;39,5;4,2;9
2024-05-31;Classic;Preto;39;299,9;117;63;37,9;4,4;15
2024-05-31;Classic;Preto;40;299,9;173;76;43,1;4,5;17
2024-05-31;Classic;Preto;41;299,9;173;96;42,2;4,8;19
2024-05-31;Classic;Preto;42;299,9;118;67;35,5;4,5;11
2024-05-31;Classic;Preto;43;299,9;108;56;40,1;4,7;10
2024-05-31;Classic;Preto;44;299,9;103;45;43,6;4,4;10
2024-05-31;Classic;Preto;45;299,9;49;27;40,3;4,3;4
2024-05-31;Classic;Branco;35;299,9;54;22;42,3;4,4;4
2024-05-31;Classic;Branco;36;299,9;57;25;41,5;4,5;4
2024-05-31;Classic;Branco;37;299,9;86;43;37,6;4,3;8
2024-05-31;Classic;Branco;38;299,9;127;81;35,9;4,3;17
2024-05-31;Classic;Branco;39;299,9;105;59;44,7;4,4;14
2024-05-31;Classic;Branco;40;299,9;114;47;38,5;4,5;10
2024-05-31;Classic;Branco;41;299,9;121;57;39,8;4,4;8
2024-05-31;Classic;Branco;42;299,9;134;64;40,1;4,3;13
2024-05-31;Classic;Branco;43;299,9;87;40;38,0;4,5;9
2024-05-31;Classic;Branco;44;299,9;88;39;41,7;4,3;7
2024-05-31;Classic;Branco;45;299,9;48;28;39,7;4,6;6
2024-05-31;Classic;Cinza;35;299,9;63;42;40,1;4,6;8
2024-05-31;Classic;Cinza;36;299,9;63;26;37,1;4,4;4
2024-05-31;Classic;Cinza;37;299,9;69;40;43,9;4,2;9
2024-05-31;Classic;Cinza;38;299,9;88;50;41,6;4,5;7
2024-05-31;Classic;Cinza;39;299,9;148;61;35,0;4,3;10
2024-05-31;Classic;Cinza;40;299,9;166;85;39,9;4,6;13
2024-05-31;Classic;Cinza;41;299,9;136;71;37,6;4,4;14
2024-05-31;Classic;Cinza;42;299,9;157;76;42,0;4,7;12
2024-05-31;Classic;Cinza;43;299,9;87;43;36,1;4,6;7
2024-05-31;Classic;Cinza;44;299,9;99;43;42,3;4,6;8
2024-05-31;Classic;Cinza;45;299,9;50;22;35,3;4,8;3
2024-05-31;Classic;Azul Marinho;35;299,9;52;33;35,1;4,4;5
2024-05-31;Classic;Azul Marinho;36;299,9;41;18;38,8;4,3;3
2024-05-31;Classic;Azul Marinho;37;299,9;82;38;35,8;4,7;7
2024-05-31;Classic;Azul Marinho;38;299,9;119;49;41,4;4,7;10
2024-05-31;Classic;Azul Marinho;39;299,9;180;78;36,7;4,3;16
2024-05-31;Classic;Azul Marinho;40;299,9;194;101;44,1;4,7;23
2024-05-31;Classic;Azul Marinho;41;299,9;148;73;35,6;4,5;17
2024-05-31;Classic;Azul Marinho;42;299,9;148;59;43,0;4,3;9
2024-05-31;Classic;Azul Marinho;43;299,9;84;38;42,2;4,8;6
2024-05-31;Classic;Azul Marinho;44;299,9;74;42;39,7;4,4;7
2024-05-31;Classic;Azul Marinho;45;299,9;51;28;44,9;4,5;6
2024-05-31;Runner;Preto;35;349,9;63;25;48,0;4,8;5
2024-05-31;Runner;Preto;36;349,9;40;15;45,2;4,4;3
2024-05-31;Runner;Preto;37;349,9;70;25;45,6;4,7;5
2024-05-31;Runner;Preto;38;349,9;124;38;54,2;4,5;6
2024-05-31;Runner;Preto;39;349,9;127;43;47,3;4,4;8
2024-05-31;Runner;Preto;40;349,9;128;57;51,4;4,7;13
2024-05-31;Runner;Preto;41;349,9;119;58;46,1;4,3;12
2024-05-31;Runner;Preto;42;349,9;190;91;53,8;4,6;20
2024-05-31;Runner;Preto;43;349,9;83;37;53,0;4,6;5
2024-05-31;Runner;Preto;44;349,9;88;31;54,3;4,8;7
2024-05-31;Runner;Preto;45;349,9;40;13;53,9;4,5;3
2024-05-31;Runner;Branco;35;349,9;60;33;47,3;4,6;8
2024-05-31;Runner;Branco;36;349,9;45;22;48,7;4,4;5
2024-05-31;Runner;Branco;37;349,9;65;21;47,7;4,5;4
2024-05-31;Runner;Branco;38;349,9;83;47;50,5;4,6;8
2024-05-31;Runner;Branco;39;349,9;180;55;47,1;4,7;8
2024-05-31;Runner;Branco;40;349,9;158;81;50,7;4,3;16
2024-05-31;Runner;Branco;41;349,9;160;71;48,6;4,3;11
2024-05-31;Runner;Branco;42;349,9;108;58;50,3;4,3;9
2024-05-31;Runner;Branco;43;349,9;75;25;45,3;4,7;4
2024-05-31;Runner;Branco;44;349,9;69;30;48,1;4,6;5
2024-05-31;Runner;Branco;45;349,9;53;21;49,1;4,7;4
2024-05-31;Runner;Azul;35;349,9;47;18;51,6;4,6;2
2024-05-31;Runner;Azul;36;349,9;55;23;54,7;4,5;5
2024-05-31;Runner;Azul;37;349,9;94;55;47,1;4,4;11
2024-05-31;Runner;Azul;38;349,9;75;38;47,7;4,3;5
2024-05-31;Runner;Azul;39;349,9;142;48;50,0;4,4;11
2024-05-31;Runner;Azul;40;349,9;111;61;52,1;4,6;15
2024-05-31;Runner;Azul;41;349,9;109;48;52,3;4,5;8
2024-05-31;Runner;Azul;42;349,9;107;53;53,7;4,6;8
2024-05-31;Runner;Azul;43;349,9;112;58;51,6;4,6;12
2024-05-31;Runner;Azul;44;349,9;83;36;50,4;4,2;7
2024-05-31;Runner;Azul;45;349,9;56;25;50,6;4,7;4
2024-05-31;Runner;Vermelho;35;349,9;57;23;52,9;4,3;5
2024-05-31;Runner;Vermelho;36;349,9;58;22;53,0;4,3;5
2024-05-31;Runner;Vermelho;37;349,9;63;37;50,9;4,7;7
2024-05-31;Runner;Vermelho;38;349,9;104;46;46,4;4,4;11
2024-05-31;Runner;Vermelho;39;349,9;138;43;53,0;4,6;7
2024-05-31;Runner;Vermelho;40;349,9;138;61;46,4;4,8;11
2024-05-31;Runner;Vermelho;41;349,9;182;99;47,7;4,2;19
2024-05-31;Runner;Vermelho;42;349,9;124;51;54,2;4,6;9
2024-05-31;Runner;Vermelho;43;349,9;105;34;52,6;4,5;8
2024-05-31;Runner;Vermelho;44;349,9;74;26;46,8;4,7;5
2024-05-31;Runner;Vermelho;45;349,9;43;23;52,4;4,7;5
2024-05-31;Slip-on;Preto;35;279,9;37;9;39,6;4,7;2
2024-05-31;Slip-on;Preto;36;279,9;38;9;39,6;4,6;1
2024-05-31;Slip-on;Preto;37;279,9;60;12;36,3;4,4;2
2024-05-31;Slip-on;Preto;38;279,9;72;29;36,3;4,5;5
2024-05-31;Slip-on;Preto;39;279,9;180;71;38,0;4,5;16
2024-05-31;Slip-on;Preto;40;279,9;183;70;41,1;4,3;14
2024-05-31;Slip-on;Preto;41;279,9;178;72;35,5;4,6;13
2024-05-31;Slip-on;Preto;42;279,9;166;73;36,7;4,7;12
2024-05-31;Slip-on;Preto;43;279,9;87;35;42,3;4,5;5
2024-05-31;Slip-on;Preto;44;279,9;100;30;44,7;4,7;5
2024-05-31;Slip-on;Preto;45;279,9;57;16;35,3;4,4;2
2024-05-31;Slip-on;Branco;35;279,9;44;15;36,5;4,3;3
2024-05-31;Slip-on;Branco;36;279,9;45;15;44,9;4,4;3
2024-05-31;Slip-on;Branco;37;279,9;79;33;44,8;4,5;6
2024-05-31;Slip-on;Branco;38;279,9;79;35;35,7;4,5;7
2024-05-31;Slip-on;Branco;39;279,9;122;41;39,0;4,3;9
2024-05-31;Slip-on;Branco;40;279,9;152;69;43,5;4,8;16
2024-05-31;Slip-on;Branco;41;279,9;170;68;36,6;4,5;14
2024-05-31;Slip-on;Branco;42;279,9;110;27;41,4;4,3;4
2024-05-31;Slip-on;Branco;43;279,9;72;18;40,5;4,6;2
2024-05-31;Slip-on;Branco;44;279,9;67;21;41,8;4,2;4
2024-05-31;Slip-on;Branco;45;279,9;57;13;40,5;4,5;2
2024-05-31;Slip-on;Marrom;35;279,9;63;20;39,5;4,2;3
2024-05-31;Slip-on;Marrom;36;279,9;50;10;35,5;4,3;2
2024-05-31;Slip-on;Marrom;37;279,9;93;40;40,7;4,7;6
2024-05-31;Slip-on;Marrom;38;279,9;125;55;41,0;4,5;8
2024-05-31;Slip-on;Marrom;39;279,9;177;61;43,2;4,4;9
2024-05-31;Slip-on;Marrom;40;279,9;150;69;35,9;4,4;16
2024-05-31;Slip-on;Marrom;41;279,9;125;34;41,2;4,7;7
2024-05-31;Slip-on;Marrom;42;279,9;114;54;40,4;4,4;12
2024-05-31;Slip-on;Marrom;43;279,9;111;32;43,6;4,3;7
2024-05-31;Slip-on;Marrom;44;279,9;60;12;43,6;4,2;2
2024-05-31;Slip-on;Marrom;45;279,9;37;16;44,6;4,5;2
2024-05-31;Slip-on;Azul;35;279,9;39;16;35,7;4,6;2
2024-05-31;Slip-on;Azul;36;279,9;62;22;37,2;4,7;5
2024-05-31;Slip-on;Azul;37;279,9;91;37;43,6;4,2;8
2024-05-31;Slip-on;Azul;38;279,9;84;31;39,5;4,5;6
2024-05-31;Slip-on;Azul;39;279,9;166;66;38,8;4,8;16
2024-05-31;Slip-on;Azul;40;279,9;119;48;40,1;4,4;11
2024-05-31;Slip-on;Azul;41;279,9;125;50;42,4;4,4;7
2024-05-31;Slip-on;Azul;42;279,9;133;58;41,7;4,5;12
2024-05-31;Slip-on;Azul;43;279,9;82;39;43,4;4,2;8
2024-05-31;Slip-on;Azul;44;279,9;69;24;37,0;4,6;3
2024-05-31;Slip-on;Azul;45;279,9;51;11;38,1;4,3;2
2024-06-30;Classic;Preto;35;299,9;49;29;39,5;4,6;6
2024-06-30;Classic;Preto;36;299,9;64;27;39,1;4,4;6
2024-06-30;Classic;Preto;37;299,9;80;34;35,6;4,5;6
2024-06-30;Classic;Preto;38;299,9;101;47;38,9;4,8;8
2024-06-30;Classic;Preto;39;299,9;107;72;43,0;4,5;14
2024-06-30;Classic;Preto;40;299,9;135;59;37,7;4,4;12
2024-06-30;Classic;Preto;41;299,9;130;64;40,5;4,4;15
2024-06-30;Classic;Preto;42;299,9;145;93;41,8;4,3;21
2024-06-30;Classic;Preto;43;299,9;84;56;42,2;4,6;10
2024-06-30;Classic;Preto;44;299,9;74;45;38,6;4,5;9
2024-06-30;Classic;Preto;45;299,9;43;27;37,7;4,2;6
2024-06-30;Classic;Branco;35;299,9;46;30;41,2;4,7;5
2024-06-30;Classic;Branco;36;299,9;51;20;37,6;4,7;3
2024-06-30;Classic;Branco;37;299,9;86;41;43,5;4,6;9
2024-06-30;Classic;Branco;38;299,9;84;51;35,2;4,6;9
2024-06-30;Classic;Branco;39;299,9;116;68;35,3;4,3;12
2024-06-30;Classic;Branco;40;299,9;145;97;38,4;4,2;23
2024-06-30;Classic;Branco;41;299,9;179;83;40,2;4,3;20
2024-06-30;Classic;Branco;42;299,9;151;81;43,3;4,3;14
2024-06-30;Classic;Branco;43;299,9;113;66;36,6;4,3;15
2024-06-30;Classic;Branco;44;299,9;95;38;44,5;4,5;7
2024-06-30;Classic;Branco;45;299,9;45;23;39,9;4,3;3
2024-06-30;Classic;Cinza;35;299,9;51;27;41,8;4,5;5
2024-06-30;Classic;Cinza;36;299,9;45;25;37,8;4,7;5
2024-06-30;Classic;Cinza;37;299,9;86;44;41,0;4,6;9
2024-06-30;Classic;Cinza;38;299,9;92;48;44,1;4,3;7
2024-06-30;Classic;Cinza;39;299,9;194;113;39,6;4,3;24
2024-06-30;Classic;Cinza;40;299,9;174;97;35,5;4,5;16
2024-06-30;Classic;Cinza;41;299,9;143;69;36,3;4,2;14
2024-06-30;Classic;Cinza;42;299,9;156;69;44,2;4,7;12
2024-06-30;Classic;Cinza;43;299,9;100;55;36,8;4,4;11
2024-06-30;Classic;Cinza;44;299,9;80;41;39,4;4,6;9
2024-06-30;Classic;Cinza;45;299,9;62;40;39,5;4,8;6
2024-06-30;Classic;Azul Marinho;35;299,9;48;26;44,7;4,5;5
2024-06-30;Classic;Azul Marinho;36;299,9;42;23;41,6;4,3;4
2024-06-30;Classic;Azul Marinho;37;299,9;87;42;39,7;4,7;8
2024-06-30;Classic;Azul Marinho;38;299,9;82;38;42,1;4,4;5
2024-06-30;Classic;Azul Marinho;39;299,9;181;73;40,5;4,3;16
2024-06-30;Classic;Azul Marinho;40;299,9;117;76;40,7;4,3;16
2024-06-30;Classic;Azul Marinho;41;299,9;107;62;42,4;4,5;10
2024-06-30;Classic;Azul Marinho;42;299,9;122;54;39,0;4,3;9
2024-06-30;Classic;Azul Marinho;43;299,9;78;35;44,3;4,2;7
2024-06-30;Classic;Azul Marinho;44;299,9;76;36;43,0;4,3;8
2024-06-30;Classic;Azul Marinho;45;299,9;55;32;44,6;4,7;6
2024-06-30;Runner;Preto;35;349,9;52;27;47,1;4,6;4
2024-06-30;Runner;Preto;36;349,9;37;22;52,0;4,6;4
2024-06-30;Runner;Preto;37;349,9;65;36;51,3;4,3;5
2024-06-30;Runner;Preto;38;349,9;114;40;47,2;4,3;9
2024-06-30;Runner;Preto;39;349,9;161;68;46,8;4,5;14
2024-06-30;Runner;Preto;40;349,9;127;50;47,1;4,4;8
2024-06-30;Runner;Preto;41;349,9;148;86;47,8;4,4;16
2024-06-30;Runner;Preto;42;349,9;122;72;50,2;4,6;12
2024-06-30;Runner;Preto;43;349,9;118;66;50,1;4,4;11
2024-06-30;Runner;Preto;44;349,9;60;25;50,8;4,5;5
2024-06-30;Runner;Preto;45;349,9;61;23;50,8;4,3;4
2024-06-30;Runner;Branco;35;349,9;37;12;46,6;4,6;2
2024-06-30;Runner;Branco;36;349,9;35;19;53,0;4,3;3
2024-06-30;Runner;Branco;37;349,9;83;46;48,5;4,8;11
2024-06-30;Runner;Branco;38;349,9;70;34;48,5;4,3;7
2024-06-30;Runner;Branco;39;349,9;169;53;46,4;4,2;11
2024-06-30;Runner;Branco;40;349,9;130;60;51,8;4,4;11
2024-06-30;Runner;Branco;41;349,9;172;69;48,5;4,6;10
2024-06-30;Runner;Branco;42;349,9;135;45;53,8;4,4;8
2024-06-30;Runner;Branco;43;349,9;75;33;51,6;4,2;6
2024-06-30;Runner;Branco;44;349,9;82;49;52,7;4,5;8
2024-06-30;Runner;Branco;45;349,9;64;23;46,5;4,5;5
2024-06-30;Runner;Azul;35;349,9;37;13;51,2;4,2;2
2024-06-30;Runner;Azul;36;349,9;36;14;49,2;4,6;2
2024-06-30;Runner;Azul;37;349,9;60;20;49,4;4,5;4
2024-06-30;Runner;Azul;38;349,9;103;52;46,9;4,8;8
2024-06-30;Runner;Azul;39;349,9;155;90;49,7;4,7;18
2024-06-30;Runner;Azul;40;349,9;181;93;50,9;4,3;16
2024-06-30;Runner;Azul;41;349,9;115;53;49,4;4,5;9
2024-06-30;Runner;Azul;42;349,9;178;76;47,8;4,4;13
2024-06-30;Runner;Azul;43;349,9;119;48;47,4;4,7;11
2024-06-30;Runner;Azul;44;349,9;88;48;53,3;4,6;9
2024-06-30;Runner;Azul;45;349,9;63;25;52,9;4,3;5
2024-06-30;Runner;Vermelho;35;349,9;59;30;52,1;4,5;7
2024-06-30;Runner;Vermelho;36;349,9;44;25;45,4;4,6;5
2024-06-30;Runner;Vermelho;37;349,9;68;35;46,9;4,4;8
2024-06-30;Runner;Vermelho;38;349,9;93;50;46,0;4,3;8
2024-06-30;Runner;Vermelho;39;349,9;119;70;46,1;4,3;11
2024-06-30;Runner;Vermelho;40;349,9;158;70;52,2;4,4;10
2024-06-30;Runner;Vermelho;41;349,9;136;72;53,1;4,6;13
2024-06-30;Runner;Vermelho;42;349,9;159;54;47,5;4,3;8
2024-06-30;Runner;Vermelho;43;349,9;126;54;53,7;4,3;12
2024-06-30;Runner;Vermelho;44;349,9;94;28;45,3;4,8;5
2024-06-30;Runner;Vermelho;45;349,9;43;15;53,2;4,3;3
2024-06-30;Slip-on;Preto;35;279,9;53;21;39,4;4,2;4
2024-06-30;Slip-on;Preto;36;279,9;56;11;35,3;4,7;2
2024-06-30;Slip-on;Preto;37;279,9;93;19;39,0;4,6;3
2024-06-30;Slip-on;Preto;38;279,9;81;28;43,9;4,4;6
2024-06-30;Slip-on;Preto;39;279,9;105;26;37,9;4,6;5
2024-06-30;Slip-on;Preto;40;279,9;128;47;43,9;4,5;10
2024-06-30;Slip-on;Preto;41;279,9;136;56;43,7;4,5;10
2024-06-30;Slip-on;Preto;42;279,9;172;83;35,7;4,5;13
2024-06-30;Slip-on;Preto;43;279,9;86;33;44,6;4,7;5
2024-06-30;Slip-on;Preto;44;279,9;57;21;40,3;4,5;4
2024-06-30;Slip-on;Preto;45;279,9;52;16;36,7;4,4;2
2024-06-30;Slip-on;Branco;35;279,9;36;16;36,3;4,2;3
2024-06-30;Slip-on;Branco;36;279,9;63;16;42,6;4,3;3
2024-06-30;Slip-on;Branco;37;279,9;88;28;43,8;4,3;5
2024-06-30;Slip-on;Branco;38;279,9;106;45;36,4;4,5;8
2024-06-30;Slip-on;Branco;39;279,9;142;43;45,0;4,3;9
2024-06-30;Slip-on;Branco;40;279,9;138;54;44,9;4,5;12
2024-06-30;Slip-on;Branco;41;279,9;111;40;38,8;4,6;6
2024-06-30;Slip-on;Branco;42;279,9;145;50;43,4;4,4;9
2024-06-30;Slip-on;Branco;43;279,9;93;30;37,5;4,2;7
2024-06-30;Slip-on;Branco;44;279,9;92;45;41,6;4,7;8
2024-06-30;Slip-on;Branco;45;279,9;45;22;36,7;4,3;4
2024-06-30;Slip-on;Marrom;35;279,9;42;13;44,3;4,4;2
2024-06-30;Slip-on;Marrom;36;279,9;57;12;35,7;4,6;2
2024-06-30;Slip-on;Marrom;37;279,9;84;17;39,5;4,6;3
2024-06-30;Slip-on;Marrom;38;279,9;81;17;43,9;4,3;4
2024-06-30;Slip-on;Marrom;39;279,9;115;26;41,7;4,4;6
2024-06-30;Slip-on;Marrom;40;279,9;126;48;39,1;4,3;10
2024-06-30;Slip-on;Marrom;41;279,9;176;78;39,9;4,8;17
2024-06-30;Slip-on;Marrom;42;279,9;144;33;37,5;4,7;7
2024-06-30;Slip-on;Marrom;43;279,9;109;34;38,6;4,4;6
2024-06-30;Slip-on;Marrom;44;279,9;90;22;35,2;4,2;4
2024-06-30;Slip-on;Marrom;45;279,9;60;19;38,4;4,2;2
2024-06-30;Slip-on;Azul;35;279,9;57;12;43,3;4,7;2
2024-06-30;Slip-on;Azul;36;279,9;55;11;39,4;4,3;2
2024-06-30;Slip-on;Azul;37;279,9;82;34;37,3;4,4;5
2024-06-30;Slip-on;Azul;38;279,9;129;61;41,5;4,7;13
2024-06-30;Slip-on;Azul;39;279,9;181;87;44,3;4,5;21
2024-06-30;Slip-on;Azul;40;279,9;141;36;37,3;4,5;6
2024-06-30;Slip-on;Azul;41;279,9;116;37;40,8;4,8;7
2024-06-30;Slip-on;Azul;42;279,9;174;70;38,8;4,3;12
2024-06-30;Slip-on;Azul;43;279,9;122;30;36,0;4,7;6
2024-06-30;Slip-on;Azul;44;279,9;88;39;38,4;4,7;8
2024-06-30;Slip-on;Azul;45;279,9;35;14;38,4;4,3;3
2024-07-31;Classic;Preto;35;299,9;58;23;42,6;4,7;4
2024-07-31;Classic;Preto;36;299,9;44;23;39,7;4,4;4
2024-07-31;Classic;Preto;37;299,9;102;41;44,8;4,7;9
2024-07-31;Classic;Preto;38;299,9;97;40;41,2;4,7;7
2024-07-31;Classic;Preto;39;299,9;111;44;36,2;4,6;10
2024-07-31;Classic;Preto;40;299,9;169;75;43,6;4,6;13
2024-07-31;Classic;Preto;41;299,9;150;78;43,7;4,8;12
2024-07-31;Classic;Preto;42;299,9;118;50;38,8;4,8;12
2024-07-31;Classic;Preto;43;299,9;105;56;38,0;4,2;9
2024-07-31;Classic;Preto;44;299,9;63;25;44,0;4,3;5
2024-07-31;Classic;Preto;45;299,9;62;27;37,4;4,3;4
2024-07-31;Classic;Branco;35;299,9;62;40;38,8;4,7;8
2024-07-31;Classic;Branco;36;299,9;55;33;42,8;4,7;7
2024-07-31;Classic;Branco;37;299,9;89;52;37,1;4,4;8
2024-07-31;Classic;Branco;38;299,9;85;47;44,5;4,3;9
2024-07-31;Classic;Branco;39;299,9;172;109;36,9;4,3;23
2024-07-31;Classic;Branco;40;299,9;187;119;38,8;4,6;20
2024-07-31;Classic;Branco;41;299,9;147;82;41,4;4,4;12
2024-07-31;Classic;Branco;42;299,9;188;129;41,9;4,4;27
2024-07-31;Classic;Branco;43;299,9;86;52;38,6;4,5;8
2024-07-31;Classic;Branco;44;299,9;103;61;44,4;4,6;12
2024-07-31;Classic;Branco;45;299,9;57;30;44,6;4,7;4
2024-07-31;Classic;Cinza;35;299,9;63;36;39,5;4,7;6
2024-07-31;Classic;Cinza;36;299,9;63;28;38,0;4,7;5
2024-07-31;Classic;Cinza;37;299,9;97;44;43,0;4,3;9
2024-07-31;Classic;Cinza;38;299,9;79;39;39,8;4,8;8
2024-07-31;Classic;Cinza;39;299,9;130;69;38,5;4,8;11
2024-07-31;Classic;Cinza;40;299,9;187;121;36,3;4,4;26
2024-07-31;Classic;Cinza;41;299,9;168;78;41,3;4,6;12
2024-07-31;Classic;Cinza;42;299,9;139;93;44,0;4,6;20
2024-07-31;Classic;Cinza;43;299,9;121;60;35,5;4,7;10
2024-07-31;Classic;Cinza;44;299,9;88;48;36,4;4,5;8
2024-07-31;Classic;Cinza;45;299,9;35;19;40,6;4,4;3
2024-07-31;Classic;Azul Marinho;35;299,9;48;28;44,7;4,5;6
2024-07-31;Classic;Azul Marinho;36;299,9;64;37;40,6;4,2;6
2024-07-31;Classic;Azul Marinho;37;299,9;103;64;41,7;4,5;13
2024-07-31;Classic;Azul Marinho;38;299,9;110;51;42,8;4,5;11
2024-07-31;Classic;Azul Marinho;39;299,9;136;77;42,4;4,6;16
2024-07-31;Classic;Azul Marinho;40;299,9;121;66;37,7;4,4;15
2024-07-31;Classic;Azul Marinho;41;299,9;109;52;42,9;4,7;8
2024-07-31;Classic;Azul Marinho;42;299,9;119;76;42,2;4,5;14
2024-07-31;Classic;Azul Marinho;43;299,9;122;59;41,5;4,8;9
2024-07-31;Classic;Azul Marinho;44;299,9;65;28;37,7;4,5;5
2024-07-31;Classic;Azul Marinho;45;299,9;51;27;40,3;4,8;4
2024-07-31;Runner;Preto;35;349,9;55;24;51,8;4,6;5
2024-07-31;Runner;Preto;36;349,9;51;26;52,4;4,3;6
2024-07-31;Runner;Preto;37;349,9;90;29;53,6;4,3;6
2024-07-31;Runner;Preto;38;349,9;88;41;53,9;4,7;9
2024-07-31;Runner;Preto;39;349,9;178;80;53,7;4,5;13
2024-07-31;Runner;Preto;40;349,9;185;81;51,0;4,6;12
2024-07-31;Runner;Preto;41;349,9;136;55;52,2;4,6;13
2024-07-31;Runner;Preto;42;349,9;170;62;48,5;4,3;14
2024-07-31;Runner;Preto;43;349,9;120;68;51,6;4,4;16
2024-07-31;Runner;Preto;44;349,9;69;28;45,2;4,5;5
2024-07-31;Runner;Preto;45;349,9;54;31;45,6;4,3;6
2024-07-31;Runner;Branco;35;349,9;64;24;50,4;4,3;4
2024-07-31;Runner;Branco;36;349,9;40;14;48,4;4,8;3
2024-07-31;Runner;Branco;37;349,9;73;35;47,0;4,6;8
2024-07-31;Runner;Branco;38;349,9;126;59;53,8;4,4;14
2024-07-31;Runner;Branco;39;349,9;135;68;54,2;4,5;12
2024-07-31;Runner;Branco;40;349,9;167;55;48,5;4,7;12
2024-07-31;Runner;Branco;41;349,9;109;51;47,5;4,2;9
2024-07-31;Runner;Branco;42;349,9;174;73;47,7;4,8;15
2024-07-31;Runner;Branco;43;349,9;83;29;46,0;4,6;6
2024-07-31;Runner;Branco;44;349,9;97;56;45,2;4,5;13
2024-07-31;Runner;Branco;45;349,9;62;23;50,0;4,3;4
2024-07-31;Runner;Azul;35;349,9;64;30;55,0;4,2;7
2024-07-31;Runner;Azul;36;349,9;45;14;45,9;4,4;2
2024-07-31;Runner;Azul;37;349,9;60;33;49,9;4,4;6
2024-07-31;Runner;Azul;38;349,9;99;32;45,5;4,6;6
2024-07-31;Runner;Azul;39;349,9;107;53;52,1;4,8;11
2024-07-31;Runner;Azul;40;349,9;129;47;49,6;4,3;9
2024-07-31;Runner;Azul;41;349,9;134;73;51,9;4,4;14
2024-07-31;Runner;Azul;42;349,9;169;59;54,7;4,3;14
2024-07-31;Runner;Azul;43;349,9;71;31;47,9;4,8;7
2024-07-31;Runner;Azul;44;349,9;99;44;46,1;4,3;8
2024-07-31;Runner;Azul;45;349,9;46;18;48,0;4,3;3
2024-07-31;Runner;Vermelho;35;349,9;55;27;45,4;4,2;4
2024-07-31;Runner;Vermelho;36;349,9;35;15;45,5;4,5;2
2024-07-31;Runner;Vermelho;37;349,9;58;18;52,7;4,6;3
2024-07-31;Runner;Vermelho;38;349,9;77;31;49,8;4,5;4
2024-07-31;Runner;Vermelho;39;349,9;159;77;51,4;4,6;18
2024-07-31;Runner;Vermelho;40;349,9;168;66;53,1;4,5;10
2024-07-31;Runner;Vermelho;41;349,9;163;67;54,3;4,4;10
2024-07-31;Runner;Vermelho;42;349,9;190;104;54,8;4,3;15
2024-07-31;Runner;Vermelho;43;349,9;127;66;53,6;4,2;14
2024-07-31;Runner;Vermelho;44;349,9;90;36;49,7;4,3;5
2024-07-31;Runner;Vermelho;45;349,9;59;32;47,3;4,7;5
2024-07-31;Slip-on;Preto;35;279,9;43;18;42,1;4,6;4
2024-07-31;Slip-on;Preto;36;279,9;60;29;41,2;4,3;5
2024-07-31;Slip-on;Preto;37;279,9;62;14;44,9;4,3;3
2024-07-31;Slip-on;Preto;38;279,9;116;40;35,0;4,6;9
2024-07-31;Slip-on;Preto;39;279,9;174;62;40,9;4,3;14
2024-07-31;Slip-on;Preto;40;279,9;158;43;36,0;4,4;9
2024-07-31;Slip-on;Preto;41;279,9;190;51;38,1;4,7;11
2024-07-31;Slip-on;Preto;42;279,9;116;54;37,3;4,7;11
2024-07-31;Slip-on;Preto;43;279,9;98;22;43,9;4,5;3
2024-07-31;Slip-on;Preto;44;279,9;78;18;38,7;4,3;3
2024-07-31;Slip-on;Preto;45;279,9;59;15;41,4;4,3;3
2024-07-31;Slip-on;Branco;35;279,9;57;13;43,5;4,7;2
2024-07-31;Slip-on;Branco;36;279,9;61;14;39,3;4,3;3
2024-07-31;Slip-on;Branco;37;279,9;93;35;35,7;4,3;6
2024-07-31;Slip-on;Branco;38;279,9;83;24;44,7;4,7;3
2024-07-31;Slip-on;Branco;39;279,9;110;23;42,2;4,5;3
2024-07-31;Slip-on;Branco;40;279,9;189;49;42,2;4,8;12
2024-07-31;Slip-on;Branco;41;279,9;160;39;44,9;4,6;9
2024-07-31;Slip-on;Branco;42;279,9;193;50;38,2;4,3;12
2024-07-31;Slip-on;Branco;43;279,9;109;31;38,7;4,5;6
2024-07-31;Slip-on;Branco;44;279,9;64;29;42,7;4,7;5
2024-07-31;Slip-on;Branco;45;279,9;55;23;40,9;4,6;4
2024-07-31;Slip-on;Marrom;35;279,9;46;22;39,8;4,7;4
2024-07-31;Slip-on;Marrom;36;279,9;43;10;44,2;4,4;1
2024-07-31;Slip-on;Marrom;37;279,9;91;35;41,6;4,3;6
2024-07-31;Slip-on;Marrom;38;279,9;99;45;39,3;4,3;8
2024-07-31;Slip-on;Marrom;39;279,9;131;65;38,8;4,6;13
2024-07-31;Slip-on;Marrom;40;279,9;120;28;35,2;4,3;6
2024-07-31;Slip-on;Marrom;41;279,9;161;45;37,2;4,2;8
2024-07-31;Slip-on;Marrom;42;279,9;135;62;35,1;4,4;15
2024-07-31;Slip-on;Marrom;43;279,9;121;56;35,0;4,4;11
2024-07-31;Slip-on;Marrom;44;279,9;61;13;38,6;4,8;2
2024-07-31;Slip-on;Marrom;45;279,9;57;21;43,9;4,4;3
2024-07-31;Slip-on;Azul;35;279,9;39;10;43,1;4,5;2
2024-07-31;Slip-on;Azul;36;279,9;38;9;37,1;4,7;1
2024-07-31;Slip-on;Azul;37;279,9;84;19;36,5;4,4;4
2024-07-31;Slip-on;Azul;38;279,9;113;53;35,3;4,7;8
2024-07-31;Slip-on;Azul;39;279,9;164;64;37,7;4,6;12
2024-07-31;Slip-on;Azul;40;279,9;162;63;43,8;4,6;13
2024-07-31;Slip-on;Azul;41;279,9;158;36;38,0;4,5;6
2024-07-31;Slip-on;Azul;42;279,9;119;42;43,4;4,6;9
2024-07-31;Slip-on;Azul;43;279,9;78;34;36,1;4,4;8
2024-07-31;Slip-on;Azul;44;279,9;100;22;36,6;4,4;4
2024-07-31;Slip-on;Azul;45;279,9;39;9;40,5;4,6;1
2024-08-31;Classic;Preto;35;299,9;47;29;38,4;4,3;4
2024-08-31;Classic;Preto;36;299,9;48;32;41,1;4,2;5
2024-08-31;Classic;Preto;37;299,9;91;57;38,8;4,2;11
2024-08-31;Classic;Preto;38;299,9;113;56;42,9;4,4;9
2024-08-31;Classic;Preto;39;299,9;176;77;37,4;4,7;15
2024-08-31;Classic;Preto;40;299,9;118;68;40,9;4,5;12
2024-08-31;Classic;Preto;41;299,9;141;88;44,3;4,5;21
2024-08-31;Classic;Preto;42;299,9;120;58;43,4;4,8;13
2024-08-31;Classic;Preto;43;299,9;99;63;37,0;4,4;15
2024-08-31;Classic;Preto;44;299,9;64;30;42,2;4,6;6
2024-08-31;Classic;Preto;45;299,9;63;27;40,8;4,4;5
2024-08-31;Classic;Branco;35;299,9;44;29;44,5;4,5;6
2024-08-31;Classic;Branco;36;299,9;41;20;41,6;4,6;4
2024-08-31;Classic;Branco;37;299,9;92;60;43,2;4,4;13
2024-08-31;Classic;Branco;38;299,9;82;33;41,2;4,4;7
2024-08-31;Classic;Branco;39;299,9;125;59;44,0;4,6;9
2024-08-31;Classic;Branco;40;299,9;136;80;42,2;4,5;14
2024-08-31;Classic;Branco;41;299,9;165;70;42,9;4,7;12
2024-08-31;Classic;Branco;42;299,9;110;46;39,3;4,3;8
2024-08-31;Classic;Branco;43;299,9;73;38;44,0;4,6;5
2024-08-31;Classic;Branco;44;299,9;60;33;37,6;4,5;7
2024-08-31;Classic;Branco;45;299,9;46;22;44,0;4,6;4
2024-08-31;Classic;Cinza;35;299,9;37;20;43,9;4,7;3
2024-08-31;Classic;Cinza;36;299,9;57;37;37,4;4,5;8
2024-08-31;Classic;Cinza;37;299,9;98;51;40,1;4,3;10
2024-08-31;Classic;Cinza;38;299,9;121;54;39,6;4,6;8
2024-08-31;Classic;Cinza;39;299,9;108;70;44,7;4,7;17
2024-08-31;Classic;Cinza;40;299,9;118;78;44,1;4,4;16
2024-08-31;Classic;Cinza;41;299,9;132;57;43,1;4,7;9
2024-08-31;Classic;Cinza;42;299,9;163;112;37,7;4,7;21
2024-08-31;Classic;Cinza;43;299,9;73;44;37,5;4,6;6
2024-08-31;Classic;Cinza;44;299,9;61;24;37,2;4,3;4
2024-08-31;Classic;Cinza;45;299,9;41;19;36,3;4,3;3
2024-08-31;Classic;Azul Marinho;35;299,9;48;22;36,9;4,6;4
2024-08-31;Classic;Azul Marinho;36;299,9;53;27;39,1;4,4;6
2024-08-31;Classic;Azul Marinho;37;299,9;74;42;39,7;4,6;7
2024-08-31;Classic;Azul Marinho;38;299,9;77;44;44,8;4,4;6
2024-08-31;Classic;Azul Marinho;39;299,9;187;82;43,7;4,5;13
2024-08-31;Classic;Azul Marinho;40;299,9;122;68;42,9;4,7;11
2024-08-31;Classic;Azul Marinho;41;299,9;168;91;41,2;4,3;17
2024-08-31;Classic;Azul Marinho;42;299,9;116;63;35,6;4,3;11
2024-08-31;Classic;Azul Marinho;43;299,9;100;43;43,8;4,4;8
2024-08-31;Classic;Azul Marinho;44;299,9;62;38;40,4;4,8;8
2024-08-31;Classic;Azul Marinho;45;299,9;64;41;40,3;4,3;7
2024-08-31;Runner;Preto;35;349,9;46;26;47,6;4,6;5
2024-08-31;Runner;Preto;36;349,9;40;15;47,8;4,3;3
2024-08-31;Runner;Preto;37;349,9;71;32;52,4;4,8;7
2024-08-31;Runner;Preto;38;349,9;82;46;53,5;4,2;10
2024-08-31;Runner;Preto;39;349,9;153;54;55,0;4,4;9
2024-08-31;Runner;Preto;40;349,9;120;54;46,7;4,5;12
2024-08-31;Runner;Preto;41;349,9;190;77;54,8;4,8;16
2024-08-31;Runner;Preto;42;349,9;132;73;45,5;4,5;15
2024-08-31;Runner;Preto;43;349,9;128;65;47,3;4,7;14
2024-08-31;Runner;Preto;44;349,9;97;49;48,5;4,3;10
2024-08-31;Runner;Preto;45;349,9;41;13;47,9;4,4;3
2024-08-31;Runner;Branco;35;349,9;51;30;52,7;4,5;5
2024-08-31;Runner;Branco;36;349,9;41;15;53,6;4,4;2
2024-08-31;Runner;Branco;37;349,9;85;26;49,7;4,2;5
2024-08-31;Runner;Branco;38;349,9;71;36;47,0;4,7;6
2024-08-31;Runner;Branco;39;349,9;186;97;47,1;4,7;14
2024-08-31;Runner;Branco;40;349,9;160;88;46,3;4,2;21
2024-08-31;Runner;Branco;41;349,9;131;65;53,4;4,3;12
2024-08-31;Runner;Branco;42;349,9;170;54;52,5;4,7;12
2024-08-31;Runner;Branco;43;349,9;84;46;51,9;4,6;10
2024-08-31;Runner;Branco;44;349,9;77;43;46,2;4,8;6
2024-08-31;Runner;Branco;45;349,9;58;20;45,6;4,5;4
2024-08-31;Runner;Azul;35;349,9;55;26;45,3;4,3;5
2024-08-31;Runner;Azul;36;349,9;63;33;54,9;4,3;8
2024-08-31;Runner;Azul;37;349,9;73;34;54,8;4,5;6
2024-08-31;Runner;Azul;38;349,9;117;59;45,2;4,5;14
2024-08-31;Runner;Azul;39;349,9;154;74;49,9;4,6;13
2024-08-31;Runner;Azul;40;349,9;123;51;47,3;4,7;8
2024-08-31;Runner;Azul;41;349,9;126;67;46,0;4,7;13
2024-08-31;Runner;Azul;42;349,9;146;81;49,0;4,4;16
2024-08-31;Runner;Azul;43;349,9;103;34;52,9;4,4;5
2024-08-31;Runner;Azul;44;349,9;60;28;48,7;4,4;5
2024-08-31;Runner;Azul;45;349,9;58;20;46,2;4,7;4
2024-08-31;Runner;Vermelho;35;349,9;39;18;50,4;4,7;3
2024-08-31;Runner;Vermelho;36;349,9;36;12;47,1;4,5;2
2024-08-31;Runner;Vermelho;37;349,9;65;25;52,8;4,2;5
2024-08-31;Runner;Vermelho;38;349,9;128;67;54,3;4,4;13
2024-08-31;Runner;Vermelho;39;349,9;142;54;45,4;4,7;12
2024-08-31;Runner;Vermelho;40;349,9;155;91;53,7;4,5;22
2024-08-31;Runner;Vermelho;41;349,9;155;85;50,0;4,7;16
2024-08-31;Runner;Vermelho;42;349,9;156;55;51,2;4,7;12
2024-08-31;Runner;Vermelho;43;349,9;116;35;54,3;4,2;7
2024-08-31;Runner;Vermelho;44;349,9;95;50;52,7;4,3;7
2024-08-31;Runner;Vermelho;45;349,9;49;23;53,2;4,4;5
2024-08-31;Slip-on;Preto;35;279,9;50;21;37,3;4,7;3
2024-08-31;Slip-on;Preto;36;279,9;37;16;42,8;4,3;3
2024-08-31;Slip-on;Preto;37;279,9;57;23;42,8;4,6;4
2024-08-31;Slip-on;Preto;38;279,9;78;38;37,6;4,7;5
2024-08-31;Slip-on;Preto;39;279,9;122;49;35,4;4,2;10
2024-08-31;Slip-on;Preto;40;279,9;165;68;43,6;4,4;10
2024-08-31;Slip-on;Preto;41;279,9;140;38;44,6;4,3;8
2024-08-31;Slip-on;Preto;42;279,9;188;75;35,7;4,8;12
2024-08-31;Slip-on;Preto;43;279,9;81;33;39,9;4,7;5
2024-08-31;Slip-on;Preto;44;279,9;97;28;40,2;4,3;5
2024-08-31;Slip-on;Preto;45;279,9;45;22;43,3;4,2;3
2024-08-31;Slip-on;Branco;35;279,9;41;12;35,1;4,7;1
2024-08-31;Slip-on;Branco;36;279,9;41;16;41,3;4,7;2
2024-08-31;Slip-on;Branco;37;279,9;66;30;41,7;4,2;4
2024-08-31;Slip-on;Branco;38;279,9;102;43;41,4;4,6;8
2024-08-31;Slip-on;Branco;39;279,9;184;86;41,1;4,6;16
2024-08-31;Slip-on;Branco;40;279,9;129;50;43,2;4,4;10
2024-08-31;Slip-on;Branco;41;279,9;161;76;42,6;4,7;15
2024-08-31;Slip-on;Branco;42;279,9;170;46;40,8;4,6;10
2024-08-31;Slip-on;Branco;43;279,9;79;23;42,9;4,5;4
2024-08-31;Slip-on;Branco;44;279,9;85;35;37,9;4,7;6
2024-08-31;Slip-on;Branco;45;279,9;42;17;38,6;4,5;3
2024-08-31;Slip-on;Marrom;35;279,9;60;20;35,7;4,2;3
2024-08-31;Slip-on;Marrom;36;279,9;47;9;43,5;4,5;1
2024-08-31;Slip-on;Marrom;37;279,9;87;23;40,2;4,3;4
2024-08-31;Slip-on;Marrom;38;279,9;107;28;43,8;4,4;5
2024-08-31;Slip-on;Marrom;39;279,9;187;59;36,4;4,5;10
2024-08-31;Slip-on;Marrom;40;279,9;149;57;38,3;4,6;10
2024-08-31;Slip-on;Marrom;41;279,9;180;87;35,1;4,3;17
2024-08-31;Slip-on;Marrom;42;279,9;161;76;41,3;4,7;15
2024-08-31;Slip-on;Marrom;43;279,9;111;52;41,8;4,5;10
2024-08-31;Slip-on;Marrom;44;279,9;76;18;42,7;4,4;2
2024-08-31;Slip-on;Marrom;45;279,9;56;24;36,1;4,5;4
2024-08-31;Slip-on;Azul;35;279,9;42;18;40,3;4,5;3
2024-08-31;Slip-on;Azul;36;279,9;42;18;40,3;4,3;3
2024-08-31;Slip-on;Azul;37;279,9;82;30;40,6;4,3;6
2024-08-31;Slip-on;Azul;38;279,9;90;33;41,7;4,3;5
2024-08-31;Slip-on;Azul;39;279,9;159;64;43,7;4,3;10
2024-08-31;Slip-on;Azul;40;279,9;192;40;39,2;4,5;8
2024-08-31;Slip-on;Azul;41;279,9;178;65;35,3;4,8;13
2024-08-31;Slip-on;Azul;42;279,9;179;58;35,5;4,2;13
2024-08-31;Slip-on;Azul;43;279,9;82;37;37,5;4,4;5
2024-08-31;Slip-on;Azul;44;279,9;62;14;35,4;4,3;2
2024-08-31;Slip-on;Azul;45;279,9;56;21;36,7;4,7;3
2024-09-30;Classic;Preto;35;299,9;51;32;38,7;4,4;7
2024-09-30;Classic;Preto;36;299,9;37;22;43,4;4,6;4
2024-09-30;Classic;Preto;37;299,9;101;44;42,1;4,6;9
2024-09-30;Classic;Preto;38;299,9;99;67;39,7;4,4;13
2024-09-30;Classic;Preto;39;299,9;177;79;38,7;4,5;18
2024-09-30;Classic;Preto;40;299,9;141;79;36,2;4,3;13
2024-09-30;Classic;Preto;41;299,9;166;76;43,8;4,7;13
2024-09-30;Classic;Preto;42;299,9;114;59;42,9;4,3;9
2024-09-30;Classic;Preto;43;299,9;84;51;38,7;4,6;9
2024-09-30;Classic;Preto;44;299,9;59;41;41,8;4,6;8
2024-09-30;Classic;Preto;45;299,9;37;25;39,7;4,2;4
2024-09-30;Classic;Branco;35;299,9;35;19;42,5;4,8;4
2024-09-30;Classic;Branco;36;299,9;43;21;40,2;4,6;4
2024-09-30;Classic;Branco;37;299,9;96;44;36,1;4,3;10
2024-09-30;Classic;Branco;38;299,9;77;38;37,0;4,3;7
2024-09-30;Classic;Branco;39;299,9;139;85;38,9;4,5;19
2024-09-30;Classic;Branco;40;299,9;152;80;36,3;4,5;12
2024-09-30;Classic;Branco;41;299,9;114;61;40,2;4,6;11
2024-09-30;Classic;Branco;42;299,9;160;108;44,4;4,4;21
2024-09-30;Classic;Branco;43;299,9;101;53;44,6;4,4;10
2024-09-30;Classic;Branco;44;299,9;62;36;38,3;4,7;5
2024-09-30;Classic;Branco;45;299,9;61;32;39,1;4,7;5
2024-09-30;Classic;Cinza;35;299,9;60;28;42,3;4,2;6
2024-09-30;Classic;Cinza;36;299,9;42;25;43,3;4,3;4
2024-09-30;Classic;Cinza;37;299,9;91;41;35,2;4,2;6
2024-09-30;Classic;Cinza;38;299,9;124;81;40,6;4,5;14
2024-09-30;Classic;Cinza;39;299,9;149;101;40,7;4,2;15
2024-09-30;Classic;Cinza;40;299,9;183;85;35,0;4,6;19
2024-09-30;Classic;Cinza;41;299,9;130;84;43,0;4,5;20
2024-09-30;Classic;Cinza;42;299,9;181;74;44,0;4,5;14
2024-09-30;Classic;Cinza;43;299,9;127;61;39,4;4,3;14
2024-09-30;Classic;Cinza;44;299,9;59;23;36,5;4,6;3
2024-09-30;Classic;Cinza;45;299,9;62;37;41,8;4,8;5
2024-09-30;Classic;Azul Marinho;35;299,9;54;36;41,2;4,5;5
2024-09-30;Classic;Azul Marinho;36;299,9;40;27;44,8;4,5;6
2024-09-30;Classic;Azul Marinho;37;299,9;78;34;35,9;4,7;8
2024-09-30;Classic;Azul Marinho;38;299,9;94;41;43,5;4,4;8
2024-09-30;Classic;Azul Marinho;39;299,9;194;117;42,2;4,4;20
2024-09-30;Classic;Azul Marinho;40;299,9;131;75;44,4;4,6;13
2024-09-30;Classic;Azul Marinho;41;299,9;162;71;39,3;4,7;12
2024-09-30;Classic;Azul Marinho;42;299,9;155;65;35,9;4,2;11
2024-09-30;Classic;Azul Marinho;43;299,9;97;65;38,5;4,6;13
2024-09-30;Classic;Azul Marinho;44;299,9;62;33;36,4;4,4;5
2024-09-30;Classic;Azul Marinho;45;299,9;41;20;41,2;4,3;4
2024-09-30;Runner;Preto;35;349,9;42;13;54,2;4,2;3
2024-09-30;Runner;Preto;36;349,9;56;21;52,2;4,4;4
2024-09-30;Runner;Preto;37;349,9;60;18;46,4;4,6;4
2024-09-30;Runner;Preto;38;349,9;109;61;45,3;4,4;12
2024-09-30;Runner;Preto;39;349,9;141;72;47,2;4,4;14
2024-09-30;Runner;Preto;40;349,9;164;55;48,0;4,4;10
2024-09-30;Runner;Preto;41;349,9;191;79;53,6;4,4;14
2024-09-30;Runner;Preto;42;349,9;113;57;47,9;4,6;10
2024-09-30;Runner;Preto;43;349,9;70;24;52,8;4,3;4
2024-09-30;Runner;Preto;44;349,9;72;25;50,4;4,5;5
2024-09-30;Runner;Preto;45;349,9;64;21;48,8;4,5;5
2024-09-30;Runner;Branco;35;349,9;53;22;45,5;4,7;4
2024-09-30;Runner;Branco;36;349,9;55;21;47,6;4,6;4
2024-09-30;Runner;Branco;37;349,9;72;26;49,1;4,8;4
2024-09-30;Runner;Branco;38;349,9;79;38;47,4;4,7;8
2024-09-30;Runner;Branco;39;349,9;142;71;52,8;4,4;12
2024-09-30;Runner;Branco;40;349,9;105;38;51,8;4,5;8
2024-09-30;Runner;Branco;41;349,9;125;60;47,4;4,6;9
2024-09-30;Runner;Branco;42;349,9;131;47;45,3;4,7;7
2024-09-30;Runner;Branco;43;349,9;94;38;46,8;4,5;7
2024-09-30;Runner;Branco;44;349,9;68;31;51,4;4,5;7
2024-09-30;Runner;Branco;45;349,9;39;21;46,5;4,5;3
2024-09-30;Runner;Azul;35;349,9;53;21;49,5;4,3;4
2024-09-30;Runner;Azul;36;349,9;57;33;47,8;4,5;7
2024-09-30;Runner;Azul;37;349,9;82;42;52,8;4,6;10
2024-09-30;Runner;Azul;38;349,9;113;37;53,0;4,3;7
2024-09-30;Runner;Azul;39;349,9;136;47;46,1;4,4;10
2024-09-30;Runner;Azul;40;349,9;123;72;45,1;4,5;14
2024-09-30;Runner;Azul;41;349,9;129;61;50,6;4,6;14
2024-09-30;Runner;Azul;42;349,9;114;62;45,2;4,2;14
2024-09-30;Runner;Azul;43;349,9;112;55;50,2;4,7;12
2024-09-30;Runner;Azul;44;349,9;72;32;49,8;4,5;6
2024-09-30;Runner;Azul;45;349,9;59;34;49,1;4,6;7
2024-09-30;Runner;Vermelho;35;349,9;40;15;53,5;4,7;3
2024-09-30;Runner;Vermelho;36;349,9;36;21;50,6;4,5;4
2024-09-30;Runner;Vermelho;37;349,9;62;22;54,4;4,3;4
2024-09-30;Runner;Vermelho;38;349,9;84;37;53,0;4,7;6
2024-09-30;Runner;Vermelho;39;349,9;111;37;53,2;4,5;8
2024-09-30;Runner;Vermelho;40;349,9;106;32;48,2;4,3;6
2024-09-30;Runner;Vermelho;41;349,9;157;89;52,9;4,3;21
2024-09-30;Runner;Vermelho;42;349,9;115;41;50,1;4,3;7
2024-09-30;Runner;Vermelho;43;349,9;96;35;54,5;4,3;7
2024-09-30;Runner;Vermelho;44;349,9;79;34;47,3;4,3;6
2024-09-30;Runner;Vermelho;45;349,9;52;24;52,7;4,4;5
2024-09-30;Slip-on;Preto;35;279,9;61;27;39,7;4,6;6
2024-09-30;Slip-on;Preto;36;279,9;39;19;41,0;4,4;3
2024-09-30;Slip-on;Preto;37;279,9;91;40;38,1;4,4;9
2024-09-30;Slip-on;Preto;38;279,9;120;48;41,8;4,4;11
2024-09-30;Slip-on;Preto;39;279,9;181;83;37,0;4,8;16
2024-09-30;Slip-on;Preto;40;279,9;166;77;36,0;4,4;14
2024-09-30;Slip-on;Preto;41;279,9;174;50;38,9;4,4;12
2024-09-30;Slip-on;Preto;42;279,9;105;25;44,3;4,6;3
2024-09-30;Slip-on;Preto;43;279,9;98;47;42,6;4,4;9
2024-09-30;Slip-on;Preto;44;279,9;79;33;42,8;4,4;7
2024-09-30;Slip-on;Preto;45;279,9;64;14;43,2;4,6;2
2024-09-30;Slip-on;Branco;35;279,9;58;17;38,4;4,5;3
2024-09-30;Slip-on;Branco;36;279,9;38;7;41,3;4,4;1
2024-09-30;Slip-on;Branco;37;279,9;65;24;38,3;4,6;5
2024-09-30;Slip-on;Branco;38;279,9;70;23;42,3;4,6;4
2024-09-30;Slip-on;Branco;39;279,9;178;70;44,9;4,5;13
2024-09-30;Slip-on;Branco;40;279,9;187;60;41,4;4,7;11
2024-09-30;Slip-on;Branco;41;279,9;144;41;44,6;4,8;8
2024-09-30;Slip-on;Branco;42;279,9;134;31;39,8;4,7;7
2024-09-30;Slip-on;Branco;43;279,9;76;26;43,2;4,7;6
2024-09-30;Slip-on;Branco;44;279,9;65;21;44,5;4,4;3
2024-09-30;Slip-on;Branco;45;279,9;41;14;40,3;4,7;2
2024-09-30;Slip-on;Marrom;35;279,9;42;18;41,5;4,3;3
2024-09-30;Slip-on;Marrom;36;279,9;48;21;41,0;4,7;4
2024-09-30;Slip-on;Marrom;37;279,9;103;45;41,0;4,7;8
2024-09-30;Slip-on;Marrom;38;279,9;128;41;38,7;4,7;8
2024-09-30;Slip-on;Marrom;39;279,9;174;75;41,4;4,7;16
2024-09-30;Slip-on;Marrom;40;279,9;156;66;40,0;4,5;12
2024-09-30;Slip-on;Marrom;41;279,9;181;52;37,5;4,3;11
2024-09-30;Slip-on;Marrom;42;279,9;122;56;42,0;4,7;9
2024-09-30;Slip-on;Marrom;43;279,9;70;15;41,8;4,3;2
2024-09-30;Slip-on;Marrom;44;279,9;94;28;35,5;4,7;6
2024-09-30;Slip-on;Marrom;45;279,9;36;10;38,7;4,7;1
2024-09-30;Slip-on;Azul;35;279,9;58;28;38,9;4,2;4
2024-09-30;Slip-on;Azul;36;279,9;38;16;38,5;4,7;3
2024-09-30;Slip-on;Azul;37;279,9;73;27;44,4;4,3;6
2024-09-30;Slip-on;Azul;38;279,9;72;23;40,1;4,5;5
2024-09-30;Slip-on;Azul;39;279,9;123;40;37,7;4,6;8
2024-09-30;Slip-on;Azul;40;279,9;175;44;43,2;4,4;9
2024-09-30;Slip-on;Azul;41;279,9;125;42;36,7;4,6;6
2024-09-30;Slip-on;Azul;42;279,9;159;67;43,8;4,7;16
2024-09-30;Slip-on;Azul;43;279,9;106;22;44,7;4,7;4
2024-09-30;Slip-on;Azul;44;279,9;78;17;35,1;4,5;4
2024-09-30;Slip-on;Azul;45;279,9;50;15;39,6;4,4;3
2024-10-31;Classic;Preto;35;299,9;38;23;39,5;4,3;4
2024-10-31;Classic;Preto;36;299,9;52;23;39,6;4,7;3
2024-10-31;Classic;Preto;37;299,9;102;41;41,2;4,5;6
2024-10-31;Classic;Preto;38;299,9;107;68;35,6;4,5;15
2024-10-31;Classic;Preto;39;299,9;176;113;35,8;4,6;25
2024-10-31;Classic;Preto;40;299,9;129;89;42,2;4,8;19
2024-10-31;Classic;Preto;41;299,9;116;55;39,2;4,5;11
2024-10-31;Classic;Preto;42;299,9;157;66;43,4;4,7;15
2024-10-31;Classic;Preto;43;299,9;83;41;42,4;4,4;7
2024-10-31;Classic;Preto;44;299,9;84;34;35,3;4,2;5
2024-10-31;Classic;Preto;45;299,9;64;27;43,8;4,3;6
2024-10-31;Classic;Branco;35;299,9;54;33;35,9;4,7;6
2024-10-31;Classic;Branco;36;299,9;42;24;36,0;4,3;4
2024-10-31;Classic;Branco;37;299,9;93;61;39,3;4,8;13
2024-10-31;Classic;Branco;38;299,9;94;48;39,4;4,6;8
2024-10-31;Classic;Branco;39;299,9;114;64;41,2;4,8;10
2024-10-31;Classic;Branco;40;299,9;153;71;42,6;4,4;15
2024-10-31;Classic;Branco;41;299,9;120;68;35,2;4,7;14
2024-10-31;Classic;Branco;42;299,9;124;62;36,5;4,6;11
2024-10-31;Classic;Branco;43;299,9;127;84;43,1;4,4;15
2024-10-31;Classic;Branco;44;299,9;75;50;39,7;4,3;8
2024-10-31;Classic;Branco;45;299,9;36;15;44,2;4,6;2
2024-10-31;Classic;Cinza;35;299,9;52;35;35,2;4,6;5
2024-10-31;Classic;Cinza;36;299,9;46;19;35,1;4,3;3
2024-10-31;Classic;Cinza;37;299,9;99;40;35,6;4,3;9
2024-10-31;Classic;Cinza;38;299,9;80;43;35,4;4,7;10
2024-10-31;Classic;Cinza;39;299,9;173;98;37,5;4,3;19
2024-10-31;Classic;Cinza;40;299,9;131;78;37,7;4,3;16
2024-10-31;Classic;Cinza;41;299,9;173;73;41,2;4,7;10
2024-10-31;Classic;Cinza;42;299,9;125;61;35,1;4,6;11
2024-10-31;Classic;Cinza;43;299,9;108;56;36,7;4,5;12
2024-10-31;Classic;Cinza;44;299,9;63;31;42,3;4,6;7
2024-10-31;Classic;Cinza;45;299,9;40;20;37,0;4,3;3
2024-10-31;Classic;Azul Marinho;35;299,9;64;38;35,8;4,5;6
2024-10-31;Classic;Azul Marinho;36;299,9;46;27;35,5;4,2;4
2024-10-31;Classic;Azul Marinho;37;299,9;87;58;37,7;4,8;11
2024-10-31;Classic;Azul Marinho;38;299,9;100;43;44,6;4,7;6
2024-10-31;Classic;Azul Marinho;39;299,9;176;99;36,0;4,6;21
2024-10-31;Classic;Azul Marinho;40;299,9;166;110;42,6;4,7;20
2024-10-31;Classic;Azul Marinho;41;299,9;155;107;40,9;4,5;21
2024-10-31;Classic;Azul Marinho;42;299,9;171;87;35,5;4,7;17
2024-10-31;Classic;Azul Marinho;43;299,9;101;51;44,2;4,3;9
2024-10-31;Classic;Azul Marinho;44;299,9;74;40;44,7;4,3;8
2024-10-31;Classic;Azul Marinho;45;299,9;51;24;39,1;4,5;4
2024-10-31;Runner;Preto;35;349,9;49;17;47,1;4,7;4
2024-10-31;Runner;Preto;36;349,9;46;13;53,9;4,7;2
2024-10-31;Runner;Preto;37;349,9;85;48;54,9;4,5;9
2024-10-31;Runner;Preto;38;349,9;122;63;53,0;4,6;11
2024-10-31;Runner;Preto;39;349,9;122;71;46,5;4,5;14
2024-10-31;Runner;Preto;40;349,9;185;94;47,4;4,3;23
2024-10-31;Runner;Preto;41;349,9;108;61;47,2;4,3;10
2024-10-31;Runner;Preto;42;349,9;154;85;51,8;4,7;20
2024-10-31;Runner;Preto;43;349,9;70;34;48,9;4,6;5
2024-10-31;Runner;Preto;44;349,9;63;32;53,8;4,5;5
2024-10-31;Runner;Preto;45;349,9;57;17;52,3;4,7;2
2024-10-31;Runner;Branco;35;349,9;47;15;53,2;4,7;3
2024-10-31;Runner;Branco;36;349,9;38;19;53,9;4,5;3
2024-10-31;Runner;Branco;37;349,9;90;37;49,5;4,6;7
2024-10-31;Runner;Branco;38;349,9;119;60;54,5;4,5;12
2024-10-31;Runner;Branco;39;349,9;110;58;51,2;4,5;14
2024-10-31;Runner;Branco;40;349,9;140;47;47,8;4,7;8
2024-10-31;Runner;Branco;41;349,9;191;96;47,0;4,2;18
2024-10-31;Runner;Branco;42;349,9;150;60;45,5;4,8;12
2024-10-31;Runner;Branco;43;349,9;99;40;51,8;4,5;9
2024-10-31;Runner;Branco;44;349,9;82;37;47,0;4,2;6
2024-10-31;Runner;Branco;45;349,9;39;20;47,6;4,6;4
2024-10-31;Runner;Azul;35;349,9;42;20;52,0;4,2;4
2024-10-31;Runner;Azul;36;349,9;58;19;48,9;4,4;4
2024-10-31;Runner;Azul;37;349,9;92;54;50,0;4,6;10
2024-10-31;Runner;Azul;38;349,9;91;32;53,9;4,6;6
2024-10-31;Runner;Azul;39;349,9;160;59;48,2;4,7;11
2024-10-31;Runner;Azul;40;349,9;106;45;47,3;4,7;9
2024-10-31;Runner;Azul;41;349,9;194;60;50,5;4,2;10
2024-10-31;Runner;Azul;42;349,9;125;48;54,8;4,4;7
2024-10-31;Runner;Azul;43;349,9;127;61;47,9;4,6;13
2024-10-31;Runner;Azul;44;349,9;56;20;50,7;4,5;3
2024-10-31;Runner;Azul;45;349,9;35;20;52,2;4,8;4
2024-10-31;Runner;Vermelho;35;349,9;52;21;46,6;4,3;4
2024-10-31;Runner;Vermelho;36;349,9;60;33;53,6;4,3;7
2024-10-31;Runner;Vermelho;37;349,9;62;26;54,9;4,6;5
2024-10-31;Runner;Vermelho;38;349,9;83;43;50,5;4,5;7
2024-10-31;Runner;Vermelho;39;349,9;116;42;50,1;4,8;7
2024-10-31;Runner;Vermelho;40;349,9;165;58;49,1;4,4;10
2024-10-31;Runner;Vermelho;41;349,9;125;73;48,3;4,7;13
2024-10-31;Runner;Vermelho;42;349,9;151;86;47,2;4,5;21
2024-10-31;Runner;Vermelho;43;349,9;121;55;47,4;4,5;12
2024-10-31;Runner;Vermelho;44;349,9;88;39;47,4;4,6;7
2024-10-31;Runner;Vermelho;45;349,9;35;14;47,0;4,7;2
2024-10-31;Slip-on;Preto;35;279,9;45;11;36,7;4,5;2
2024-10-31;Slip-on;Preto;36;279,9;46;15;41,4;4,6;2
2024-10-31;Slip-on;Preto;37;279,9;59;26;40,5;4,5;6
2024-10-31;Slip-on;Preto;38;279,9;105;27;39,2;4,6;6
2024-10-31;Slip-on;Preto;39;279,9;160;41;35,2;4,4;7
2024-10-31;Slip-on;Preto;40;279,9;161;41;35,8;4,3;8
2024-10-31;Slip-on;Preto;41;279,9;116;28;44,0;4,3;6
2024-10-31;Slip-on;Preto;42;279,9;107;40;43,2;4,5;7
2024-10-31;Slip-on;Preto;43;279,9;71;14;43,2;4,6;2
2024-10-31;Slip-on;Preto;44;279,9;80;28;38,6;4,7;6
2024-10-31;Slip-on;Preto;45;279,9;50;17;44,3;4,6;3
2024-10-31;Slip-on;Branco;35;279,9;36;12;41,0;4,7;2
2024-10-31;Slip-on;Branco;36;279,9;64;14;40,5;4,3;3
2024-10-31;Slip-on;Branco;37;279,9;83;23;39,4;4,8;5
2024-10-31;Slip-on;Branco;38;279,9;101;44;35,3;4,7;9
2024-10-31;Slip-on;Branco;39;279,9;176;63;41,9;4,6;14
2024-10-31;Slip-on;Branco;40;279,9;168;58;35,9;4,8;10
2024-10-31;Slip-on;Branco;41;279,9;173;66;44,8;4,8;12
2024-10-31;Slip-on;Branco;42;279,9;181;42;37,1;4,5;7
2024-10-31;Slip-on;Branco;43;279,9;77;20;38,3;4,8;3
2024-10-31;Slip-on;Branco;44;279,9;60;12;37,4;4,3;1
2024-10-31;Slip-on;Branco;45;279,9;48;21;36,0;4,3;4
2024-10-31;Slip-on;Marrom;35;279,9;44;15;42,8;4,4;2
2024-10-31;Slip-on;Marrom;36;279,9;47;21;36,2;4,6;4
2024-10-31;Slip-on;Marrom;37;279,9;81;36;42,9;4,8;6
2024-10-31;Slip-on;Marrom;38;279,9;85;36;43,4;4,7;7
2024-10-31;Slip-on;Marrom;39;279,9;114;35;37,8;4,5;5
2024-10-31;Slip-on;Marrom;40;279,9;162;79;42,4;4,8;17
2024-10-31;Slip-on;Marrom;41;279,9;171;61;44,5;4,4;13
2024-10-31;Slip-on;Marrom;42;279,9;105;46;37,9;4,3;10
2024-10-31;Slip-on;Marrom;43;279,9;101;28;42,5;4,5;6
2024-10-31;Slip-on;Marrom;44;279,9;103;20;43,5;4,5;3
2024-10-31;Slip-on;Marrom;45;279,9;63;30;35,6;4,6;6
2024-10-31;Slip-on;Azul;35;279,9;55;26;44,9;4,3;4
2024-10-31;Slip-on;Azul;36;279,9;57;23;36,5;4,8;5
2024-10-31;Slip-on;Azul;37;279,9;71;26;42,2;4,7;6
2024-10-31;Slip-on;Azul;38;279,9;112;42;44,6;4,5;7
2024-10-31;Slip-on;Azul;39;279,9;113;27;40,9;4,6;6
2024-10-31;Slip-on;Azul;40;279,9;132;41;43,0;4,3;9
2024-10-31;Slip-on;Azul;41;279,9;130;43;37,3;4,3;9
2024-10-31;Slip-on;Azul;42;279,9;176;52;44,0;4,6;10
2024-10-31;Slip-on;Azul;43;279,9;120;55;41,0;4,6;12
2024-10-31;Slip-on;Azul;44;279,9;83;31;41,0;4,4;6
2024-10-31;Slip-on;Azul;45;279,9;45;17;42,3;4,5;2
2024-11-30;Classic;Preto;35;299,9;52;33;35,8;4,6;5
2024-11-30;Classic;Preto;36;299,9;54;26;43,9;4,4;4
2024-11-30;Classic;Preto;37;299,9;96;66;35,3;4,5;13
2024-11-30;Classic;Preto;38;299,9;125;72;40,8;4,6;16
2024-11-30;Classic;Preto;39;299,9;147;65;43,6;4,3;16
2024-11-30;Classic;Preto;40;299,9;137;93;42,0;4,7;22
2024-11-30;Classic;Preto;41;299,9;165;104;37,0;4,4;19
2024-11-30;Classic;Preto;42;299,9;120;68;42,5;4,4;15
2024-11-30;Classic;Preto;43;299,9;119;48;43,4;4,3;7
2024-11-30;Classic;Preto;44;299,9;94;59;35,1;4,2;14
2024-11-30;Classic;Preto;45;299,9;62;34;43,5;4,4;5
2024-11-30;Classic;Branco;35;299,9;64;36;38,0;4,5;7
2024-11-30;Classic;Branco;36;299,9;44;27;35,4;4,3;4
2024-11-30;Classic;Branco;37;299,9;90;57;41,3;4,4;10
2024-11-30;Classic;Branco;38;299,9;93;49;40,9;4,6;9
2024-11-30;Classic;Branco;39;299,9;115;61;38,6;4,2;10
2024-11-30;Classic;Branco;40;299,9;142;80;40,4;4,3;13
2024-11-30;Classic;Branco;41;299,9;168;84;36,9;4,5;16
2024-11-30;Classic;Branco;42;299,9;122;65;42,5;4,3;12
2024-11-30;Classic;Branco;43;299,9;76;35;39,3;4,8;7
2024-11-30;Classic;Branco;44;299,9;100;43;44,4;4,5;7
2024-11-30;Classic;Branco;45;299,9;60;34;35,9;4,5;7
2024-11-30;Classic;Cinza;35;299,9;35;19;38,6;4,5;3
2024-11-30;Classic;Cinza;36;299,9;50;34;42,4;4,8;6
2024-11-30;Classic;Cinza;37;299,9;74;44;42,4;4,4;8
2024-11-30;Classic;Cinza;38;299,9;77;46;38,5;4,3;9
2024-11-30;Classic;Cinza;39;299,9;106;72;41,4;4,6;15
2024-11-30;Classic;Cinza;40;299,9;133;62;40,4;4,8;11
2024-11-30;Classic;Cinza;41;299,9;169;116;40,5;4,5;26
2024-11-30;Classic;Cinza;42;299,9;117;47;38,5;4,7;7
2024-11-30;Classic;Cinza;43;299,9;105;43;40,0;4,3;9
2024-11-30;Classic;Cinza;44;299,9;70;35;35,6;4,7;7
2024-11-30;Classic;Cinza;45;299,9;52;31;41,6;4,4;5
2024-11-30;Classic;Azul Marinho;35;299,9;43;27;36,7;4,5;5
2024-11-30;Classic;Azul Marinho;36;299,9;50;28;43,4;4,4;5
2024-11-30;Classic;Azul Marinho;37;299,9;63;39;37,1;4,5;9
2024-11-30;Classic;Azul Marinho;38;299,9;75;33;36,8;4,3;8
2024-11-30;Classic;Azul Marinho;39;299,9;171;91;38,0;4,3;13
2024-11-30;Classic;Azul Marinho;40;299,9;163;89;40,9;4,3;18
2024-11-30;Classic;Azul Marinho;41;299,9;123;50;43,7;4,7;10
2024-11-30;Classic;Azul Marinho;42;299,9;187;118;37,7;4,7;22
2024-11-30;Classic;Azul Marinho;43;299,9;129;78;37,1;4,4;16
2024-11-30;Classic;Azul Marinho;44;299,9;93;53;42,4;4,5;9
2024-11-30;Classic;Azul Marinho;45;299,9;56;36;38,2;4,5;6
2024-11-30;Runner;Preto;35;349,9;39;20;50,1;4,3;3
2024-11-30;Runner;Preto;36;349,9;57;23;45,7;4,3;5
2024-11-30;Runner;Preto;37;349,9;76;37;51,2;4,3;7
2024-11-30;Runner;Preto;38;349,9;112;47;50,9;4,4;8
2024-11-30;Runner;Preto;39;349,9;106;45;49,0;4,5;6
2024-11-30;Runner;Preto;40;349,9;151;50;50,0;4,4;7
2024-11-30;Runner;Preto;41;349,9;119;44;47,3;4,6;6
2024-11-30;Runner;Preto;42;349,9;144;78;47,9;4,6;18
2024-11-30;Runner;Preto;43;349,9;117;64;49,4;4,3;12
2024-11-30;Runner;Preto;44;349,9;59;26;50,0;4,7;5
2024-11-30;Runner;Preto;45;349,9;38;16;52,3;4,3;3
2024-11-30;Runner;Branco;35;349,9;50;28;52,8;4,3;6
2024-11-30;Runner;Branco;36;349,9;47;21;48,7;4,3;5
2024-11-30;Runner;Branco;37;349,9;60;19;46,2;4,4;3
2024-11-30;Runner;Branco;38;349,9;116;61;50,0;4,7;9
2024-11-30;Runner;Branco;39;349,9;108;53;49,6;4,5;9
2024-11-30;Runner;Branco;40;349,9;180;81;47,1;4,3;20
2024-11-30;Runner;Branco;41;349,9;170;78;50,7;4,3;17
2024-11-30;Runner;Branco;42;349,9;187;106;52,9;4,6;18
2024-11-30;Runner;Branco;43;349,9;90;49;52,2;4,8;7
2024-11-30;Runner;Branco;44;349,9;72;40;45,3;4,4;9
2024-11-30;Runner;Branco;45;349,9;51;20;54,3;4,4;3
2024-11-30;Runner;Azul;35;349,9;52;26;45,8;4,6;4
2024-11-30;Runner;Azul;36;349,9;38;18;47,7;4,3;2
2024-11-30;Runner;Azul;37;349,9;75;36;54,8;4,4;7
2024-11-30;Runner;Azul;38;349,9;77;44;52,4;4,6;9
2024-11-30;Runner;Azul;39;349,9;155;67;45,5;4,2;11
2024-11-30;Runner;Azul;40;349,9;121;38;50,0;4,5;7
2024-11-30;Runner;Azul;41;349,9;175;101;54,5;4,7;22
2024-11-30;Runner;Azul;42;349,9;165;55;51,6;4,3;12
2024-11-30;Runner;Azul;43;349,9;79;39;45,7;4,4;7
2024-11-30;Runner;Azul;44;349,9;71;27;50,3;4,7;6
2024-11-30;Runner;Azul;45;349,9;37;13;48,1;4,6;2
2024-11-30;Runner;Vermelho;35;349,9;49;26;51,4;4,6;5
2024-11-30;Runner;Vermelho;36;349,9;40;13;48,3;4,7;3
2024-11-30;Runner;Vermelho;37;349,9;94;32;54,2;4,4;7
2024-11-30;Runner;Vermelho;38;349,9;107;57;45,3;4,5;12
2024-11-30;Runner;Vermelho;39;349,9;138;74;52,2;4,4;14
2024-11-30;Runner;Vermelho;40;349,9;149;69;48,0;4,3;11
2024-11-30;Runner;Vermelho;41;349,9;117;51;51,6;4,6;9
2024-11-30;Runner;Vermelho;42;349,9;160;94;54,8;4,7;22
2024-11-30;Runner;Vermelho;43;349,9;78;29;54,5;4,3;6
2024-11-30;Runner;Vermelho;44;349,9;77;45;52,2;4,4;7
2024-11-30;Runner;Vermelho;45;349,9;42;21;48,2;4,8;4
2024-11-30;Slip-on;Preto;35;279,9;50;22;43,0;4,6;5
2024-11-30;Slip-on;Preto;36;279,9;52;24;39,7;4,7;4
2024-11-30;Slip-on;Preto;37;279,9;96;29;42,3;4,4;7
2024-11-30;Slip-on;Preto;38;279,9;81;29;38,9;4,5;5
2024-11-30;Slip-on;Preto;39;279,9;150;35;37,3;4,6;6
2024-11-30;Slip-on;Preto;40;279,9;149;71;37,2;4,5;14
2024-11-30;Slip-on;Preto;41;279,9;145;65;40,7;4,7;15
2024-11-30;Slip-on;Preto;42;279,9;111;53;42,6;4,5;12
2024-11-30;Slip-on;Preto;43;279,9;83;37;40,6;4,5;7
2024-11-30;Slip-on;Preto;44;279,9;90;25;36,0;4,7;6
2024-11-30;Slip-on;Preto;45;279,9;53;18;35,5;4,4;3
2024-11-30;Slip-on;Branco;35;279,9;46;19;38,6;4,7;4
2024-11-30;Slip-on;Branco;36;279,9;51;14;44,6;4,6;2
2024-11-30;Slip-on;Branco;37;279,9;103;20;40,8;4,6;3
2024-11-30;Slip-on;Branco;38;279,9;73;14;44,3;4,5;2
2024-11-30;Slip-on;Branco;39;279,9;160;32;38,7;4,7;5
2024-11-30;Slip-on;Branco;40;279,9;159;46;36,0;4,7;9
2024-11-30;Slip-on;Branco;41;279,9;176;86;36,8;4,3;21
2024-11-30;Slip-on;Branco;42;279,9;125;41;43,4;4,3;9
2024-11-30;Slip-on;Branco;43;279,9;117;40;39,9;4,3;8
2024-11-30;Slip-on;Branco;44;279,9;65;18;41,0;4,4;3
2024-11-30;Slip-on;Branco;45;279,9;63;23;42,5;4,6;5
2024-11-30;Slip-on;Marrom;35;279,9;38;9;41,9;4,7;2
2024-11-30;Slip-on;Marrom;36;279,9;39;15;41,3;4,5;3
2024-11-30;Slip-on;Marrom;37;279,9;85;21;38,3;4,6;3
2024-11-30;Slip-on;Marrom;38;279,9;112;47;36,4;4,4;8
2024-11-30;Slip-on;Marrom;39;279,9;123;38;42,5;4,4;7
2024-11-30;Slip-on;Marrom;40;279,9;116;44;45,0;4,6;8
2024-11-30;Slip-on;Marrom;41;279,9;147;70;39,1;4,6;14
2024-11-30;Slip-on;Marrom;42;279,9;161;36;41,7;4,6;8
2024-11-30;Slip-on;Marrom;43;279,9;110;51;45,0;4,3;12
2024-11-30;Slip-on;Marrom;44;279,9;70;19;37,2;4,5;3
2024-11-30;Slip-on;Marrom;45;279,9;60;19;42,8;4,8;3
2024-11-30;Slip-on;Azul;35;279,9;37;11;44,6;4,7;2
2024-11-30;Slip-on;Azul;36;279,9;37;10;43,9;4,3;2
2024-11-30;Slip-on;Azul;37;279,9;85;24;40,9;4,6;3
2024-11-30;Slip-on;Azul;38;279,9;117;39;37,2;4,5;6
2024-11-30;Slip-on;Azul;39;279,9;180;89;41,8;4,4;21
2024-11-30;Slip-on;Azul;40;279,9;133;41;44,2;4,6;7
2024-11-30;Slip-on;Azul;41;279,9;144;58;41,5;4,4;9
2024-11-30;Slip-on;Azul;42;279,9;142;56;37,7;4,7;10
2024-11-30;Slip-on;Azul;43;279,9;82;26;37,4;4,5;4
2024-11-30;Slip-on;Azul;44;279,9;76;32;37,8;4,8;5
2024-11-30;Slip-on;Azul;45;279,9;45;15;43,4;4,5;3
2024-12-31;Classic;Preto;35;299,9;35;14;35,4;4,2;2
2024-12-31;Classic;Preto;36;299,9;52;33;40,7;4,2;7
2024-12-31;Classic;Preto;37;299,9;82;40;36,8;4,2;7
2024-12-31;Classic;Preto;38;299,9;120;51;36,1;4,4;9
2024-12-31;Classic;Preto;39;299,9;194;108;43,3;4,3;26
2024-12-31;Classic;Preto;40;299,9;171;85;42,5;4,7;15
2024-12-31;Classic;Preto;41;299,9;179;95;42,5;4,4;20
2024-12-31;Classic;Preto;42;299,9;183;99;42,8;4,5;23
2024-12-31;Classic;Preto;43;299,9;84;34;41,7;4,7;5
2024-12-31;Classic;Preto;44;299,9;87;40;44,9;4,7;6
2024-12-31;Classic;Preto;45;299,9;49;31;40,2;4,8;5
2024-12-31;Classic;Branco;35;299,9;61;26;40,5;4,8;5
2024-12-31;Classic;Branco;36;299,9;39;23;39,3;4,6;4
2024-12-31;Classic;Branco;37;299,9;79;36;36,6;4,4;8
2024-12-31;Classic;Branco;38;299,9;117;65;36,9;4,7;15
2024-12-31;Classic;Branco;39;299,9;114;59;40,5;4,7;12
2024-12-31;Classic;Branco;40;299,9;142;76;39,3;4,3;17
2024-12-31;Classic;Branco;41;299,9;110;66;36,5;4,5;10
2024-12-31;Classic;Branco;42;299,9;158;105;41,1;4,4;25
2024-12-31;Classic;Branco;43;299,9;87;41;42,2;4,8;9
2024-12-31;Classic;Branco;44;299,9;74;35;39,6;4,6;6
2024-12-31;Classic;Branco;45;299,9;60;35;39,8;4,3;6
2024-12-31;Classic;Cinza;35;299,9;42;23;41,5;4,4;5
2024-12-31;Classic;Cinza;36;299,9;61;28;35,3;4,3;5
2024-12-31;Classic;Cinza;37;299,9;88;50;40,8;4,3;8
2024-12-31;Classic;Cinza;38;299,9;72;38;38,0;4,5;7
2024-12-31;Classic;Cinza;39;299,9;130;73;41,1;4,7;12
2024-12-31;Classic;Cinza;40;299,9;139;68;37,5;4,5;16
2024-12-31;Classic;Cinza;41;299,9;180;100;39,0;4,5;17
2024-12-31;Classic;Cinza;42;299,9;164;78;36,1;4,4;15
2024-12-31;Classic;Cinza;43;299,9;113;61;35,3;4,6;13
2024-12-31;Classic;Cinza;44;299,9;60;36;41,6;4,4;8
2024-12-31;Classic;Cinza;45;299,9;56;31;42,6;4,5;6
2024-12-31;Classic;Azul Marinho;35;299,9;36;19;41,1;4,2;3
2024-12-31;Classic;Azul Marinho;36;299,9;51;26;38,6;4,7;6
2024-12-31;Classic;Azul Marinho;37;299,9;60;40;38,8;4,3;6
2024-12-31;Classic;Azul Marinho;38;299,9;114;70;35,9;4,8;11
2024-12-31;Classic;Azul Marinho;39;299,9;149;88;43,9;4,4;15
2024-12-31;Classic;Azul Marinho;40;299,9;175;91;37,1;4,2;20
2024-12-31;Classic;Azul Marinho;41;299,9;106;62;39,3;4,6;14
2024-12-31;Classic;Azul Marinho;42;299,9;163;87;44,1;4,2;13
2024-12-31;Classic;Azul Marinho;43;299,9;99;46;39,3;4,4;7
2024-12-31;Classic;Azul Marinho;44;299,9;100;46;35,9;4,3;8
2024-12-31;Classic;Azul Marinho;45;299,9;41;17;37,7;4,7;3
2024-12-31;Runner;Preto;35;349,9;41;19;53,6;4,8;2
2024-12-31;Runner;Preto;36;349,9;41;23;53,8;4,4;3
2024-12-31;Runner;Preto;37;349,9;95;31;51,2;4,7;5
2024-12-31;Runner;Preto;38;349,9;77;37;51,1;4,2;6
2024-12-31;Runner;Preto;39;349,9;188;69;50,3;4,4;16
2024-12-31;Runner;Preto;40;349,9;151;65;53,9;4,6;12
2024-12-31;Runner;Preto;41;349,9;194;111;47,6;4,2;17
2024-12-31;Runner;Preto;42;349,9;118;61;48,8;4,4;12
2024-12-31;Runner;Preto;43;349,9;78;29;49,8;4,5;6
2024-12-31;Runner;Preto;44;349,9;70;29;45,6;4,6;5
2024-12-31;Runner;Preto;45;349,9;36;16;47,6;4,3;2
2024-12-31;Runner;Branco;35;349,9;64;37;53,2;4,3;8
2024-12-31;Runner;Branco;36;349,9;61;19;50,2;4,3;3
2024-12-31;Runner;Branco;37;349,9;96;46;45,6;4,2;7
2024-12-31;Runner;Branco;38;349,9;124;73;49,8;4,4;13
2024-12-31;Runner;Branco;39;349,9;143;59;52,7;4,5;9
2024-12-31;Runner;Branco;40;349,9;112;37;48,9;4,4;6
2024-12-31;Runner;Branco;41;349,9;113;64;53,3;4,5;13
2024-12-31;Runner;Branco;42;349,9;150;55;51,5;4,3;11
2024-12-31;Runner;Branco;43;349,9;96;30;49,3;4,6;4
2024-12-31;Runner;Branco;44;349,9;70;25;45,2;4,2;4
2024-12-31;Runner;Branco;45;349,9;52;30;51,6;4,8;7
2024-12-31;Runner;Azul;35;349,9;50;18;54,1;4,5;2
2024-12-31;Runner;Azul;36;349,9;46;18;48,6;4,3;3
2024-12-31;Runner;Azul;37;349,9;81;45;45,6;4,7;9
2024-12-31;Runner;Azul;38;349,9;127;69;49,5;4,7;16
2024-12-31;Runner;Azul;39;349,9;149;56;49,0;4,5;11
2024-12-31;Runner;Azul;40;349,9;143;68;45,3;4,4;14
2024-12-31;Runner;Azul;41;349,9;115;41;52,3;4,6;7
2024-12-31;Runner;Azul;42;349,9;194;76;47,5;4,4;17
2024-12-31;Runner;Azul;43;349,9;75;28;51,1;4,7;5
2024-12-31;Runner;Azul;44;349,9;74;29;45,5;4,8;4
2024-12-31;Runner;Azul;45;349,9;51;27;53,6;4,3;4
2024-12-31;Runner;Vermelho;35;349,9;58;18;49,4;4,4;2
2024-12-31;Runner;Vermelho;36;349,9;50;17;51,6;4,7;2
2024-12-31;Runner;Vermelho;37;349,9;91;44;47,7;4,3;10
2024-12-31;Runner;Vermelho;38;349,9;82;26;48,2;4,7;5
2024-12-31;Runner;Vermelho;39;349,9;169;61;49,9;4,7;11
2024-12-31;Runner;Vermelho;40;349,9;169;80;48,4;4,4;17
2024-12-31;Runner;Vermelho;41;349,9;172;97;50,4;4,5;22
2024-12-31;Runner;Vermelho;42;349,9;139;66;52,6;4,8;15
2024-12-31;Runner;Vermelho;43;349,9;109;33;52,4;4,4;7
2024-12-31;Runner;Vermelho;44;349,9;57;19;51,9;4,4;3
2024-12-31;Runner;Vermelho;45;349,9;47;16;53,6;4,3;2
2024-12-31;Slip-on;Preto;35;279,9;46;14;35,5;4,4;3
2024-12-31;Slip-on;Preto;36;279,9;61;14;41,5;4,8;2
2024-12-31;Slip-on;Preto;37;279,9;98;24;43,6;4,5;5
2024-12-31;Slip-on;Preto;38;279,9;82;18;41,0;4,4;4
2024-12-31;Slip-on;Preto;39;279,9;179;74;40,0;4,8;15
2024-12-31;Slip-on;Preto;40;279,9;121;45;40,8;4,6;7
2024-12-31;Slip-on;Preto;41;279,9;166;53;41,1;4,8;9
2024-12-31;Slip-on;Preto;42;279,9;154;66;36,2;4,4;10
2024-12-31;Slip-on;Preto;43;279,9;120;51;38,2;4,2;9
2024-12-31;Slip-on;Preto;44;279,9;56;16;37,1;4,3;3
2024-12-31;Slip-on;Preto;45;279,9;56;23;43,2;4,7;4
2024-12-31;Slip-on;Branco;35;279,9;41;12;39,1;4,6;2
2024-12-31;Slip-on;Branco;36;279,9;57;14;37,3;4,2;2
2024-12-31;Slip-on;Branco;37;279,9;102;37;37,2;4,6;8
2024-12-31;Slip-on;Branco;38;279,9;104;32;43,3;4,5;7
2024-12-31;Slip-on;Branco;39;279,9;126;33;35,8;4,4;5
2024-12-31;Slip-on;Branco;40;279,9;179;63;35,6;4,4;13
2024-12-31;Slip-on;Branco;41;279,9;148;45;36,6;4,6;7
2024-12-31;Slip-on;Branco;42;279,9;183;90;40,5;4,3;19
2024-12-31;Slip-on;Branco;43;279,9;77;36;40,9;4,7;7
2024-12-31;Slip-on;Branco;44;279,9;81;28;42,4;4,7;4
2024-12-31;Slip-on;Branco;45;279,9;38;8;43,7;4,3;1
2024-12-31;Slip-on;Marrom;35;279,9;44;16;35,8;4,5;3
2024-12-31;Slip-on;Marrom;36;279,9;42;12;37,2;4,3;1
2024-12-31;Slip-on;Marrom;37;279,9;88;26;39,6;4,4;5
2024-12-31;Slip-on;Marrom;38;279,9;110;43;42,7;4,5;6
2024-12-31;Slip-on;Marrom;39;279,9;143;42;38,4;4,3;6
2024-12-31;Slip-on;Marrom;40;279,9;146;71;35,2;4,4;17
2024-12-31;Slip-on;Marrom;41;279,9;137;54;37,7;4,5;9
2024-12-31;Slip-on;Marrom;42;279,9;153;52;43,3;4,7;8
2024-12-31;Slip-on;Marrom;43;279,9;126;39;35,5;4,2;7
2024-12-31;Slip-on;Marrom;44;279,9;98;24;39,8;4,5;5
2024-12-31;Slip-on;Marrom;45;279,9;35;16;37,7;4,7;3
2024-12-31;Slip-on;Azul;35;279,9;44;21;42,8;4,5;3
2024-12-31;Slip-on;Azul;36;279,9;44;17;39,2;4,6;3
2024-12-31;Slip-on;Azul;37;279,9;73;21;44,2;4,7;4
2024-12-31;Slip-on;Azul;38;279,9;109;27;44,4;4,3;4
2024-12-31;Slip-on;Azul;39;279,9;107;33;38,1;4,7;7
2024-12-31;Slip-on;Azul;40;279,9;176;43;40,7;4,5;8
2024-12-31;Slip-on;Azul;41;279,9;194;64;36,1;4,2;14
2024-12-31;Slip-on;Azul;42;279,9;105;49;37,1;4,7;11
2024-12-31;Slip-on;Azul;43;279,9;82;36;38,2;4,3;6
2024-12-31;Slip-on;Azul;44;279,9;97;19;42,4;4,7;3
2024-12-31;Slip-on;Azul;45;279,9;56;26;40,4;4,6;5
